datetime (Date),cart,Record Count
"Apr 30, 2021","{""mamaog"":1,""banog~s"":1,""cupc"":1}",1
"Apr 30, 2021","{""mamaog"":2,""sexyback"":2,""claus"":1}",1
"Apr 30, 2021","{""doubletrouble"":1,""mamaog"":1,""matcha"":1,""sexyback"":1,""triplec"":1}",1
"Apr 30, 2021","{""triplec"":1,""sexyback"":1,""babyog"":1,""matcha"":1}",1
"Apr 30, 2021","{""hella"":1,""pbj"":1,""matcha"":1,""doubletrouble"":1,""mamaog"":1,""banultimate~s"":1}",1
"Apr 30, 2021","{""bannutella~s"":1,""bancheese~s"":1,""pbj"":1}",1
"Apr 30, 2021","{""sexyback"":1,""cornflakes"":1}",1
"Apr 30, 2021","{""mamaog"":2,""doubletrouble"":1}",1
"Apr 30, 2021","{""doubletrouble"":1}",4
"Apr 30, 2021","{""mamaog"":4,""babyog"":1,""triplec"":3}",1
"Apr 30, 2021","{""babyog"":1,""cornflakes"":1,""mamaog"":1,""sexyback"":1,""triplec"":1}",1
"Apr 30, 2021","{""banultimate~s"":1}",2
"Apr 30, 2021","{""mamaog"":1,""doubletrouble"":1}",1
"Apr 30, 2021","{""mamaog"":1,""sexyback"":1}",1
"Apr 30, 2021","{""doubletrouble"":2}",1
"Apr 30, 2021","{""cupc"":1,""banultimate~s"":2,""banog~s"":1}",1
"Apr 30, 2021","{""hella"":1}",4
"Apr 30, 2021","{""sexyback"":2,""mamaog"":1,""triplec"":1}",1
"Apr 30, 2021","{""salt"":1}",1
"Apr 30, 2021","{""bae"":1,""redbrownie"":2,""fudge"":1}",1
"Apr 30, 2021","{""redvelvet"":1}",3
"Apr 30, 2021","{""doubletrouble"":1,""triplec"":1}",1
"Apr 30, 2021","{""bancheese~s"":1}",1
"Apr 30, 2021","{""sexyback"":3}",1
"Apr 30, 2021","{""redbrownie"":4}",1
"Apr 30, 2021","{""cupc"":1,""deathchoc"":1}",1
"Apr 30, 2021","{""deathchoc"":1}",3
"Apr 30, 2021","{""triplec"":1,""mamaog"":1}",1
"Apr 30, 2021","{""hella"":1,""bae"":3,""redbrownie"":3,""fudge"":3,""cornflakes"":1}",1
"Apr 30, 2021","{""cornflakes"":1,""fudge"":2,""bannutella~s"":1,""hella"":1}",1
"Apr 30, 2021","{""mamaog"":1,""triplec"":1,""babyog"":1,""sexyback"":1}",1
"Apr 30, 2021","{""cornflakes"":1}",1
"Apr 30, 2021","{""salt"":1,""deathchoc"":1,""cupc"":2}",1
"Apr 30, 2021","{""triplec"":1}",1
"Apr 30, 2021","{""banog~s"":1,""triplec"":1}",1
"Apr 30, 2021","{""pbj"":1,""matcha"":1}",1
"Apr 30, 2021","{""cornflakes"":2,""doubletrouble"":1}",1
"Apr 30, 2021","{""bancheese~s"":2}",1
"Apr 30, 2021","{""doubletrouble"":1,""cornflakes"":1}",1
"Apr 30, 2021","{""mamaog"":1,""sexyback"":1,""doubletrouble"":1}",1
"Apr 30, 2021","{""doubletrouble"":1,""mamaog"":1}",2
"Apr 30, 2021","{""babyog"":2,""sexyback"":1,""mamaog"":1,""cornflakes"":1}",1
"Apr 30, 2021","{""sexyback"":1}",1
"Apr 30, 2021","{""cornflakes"":1,""doubletrouble"":1,""matcha"":1,""sexyback"":1,""triplec"":1,""banog~s"":1}",1
"Apr 30, 2021","{""hella"":2,""redvelvet"":1,""sexyback"":1}",1
"Apr 30, 2021","{""cupc"":1}",3
"Apr 30, 2021","{""mamaog"":1}",1
"Apr 30, 2021","{""fudge"":6,""bae"":3}",1
"Apr 30, 2021","{""sexyback"":2}",1
"Apr 30, 2021","{""cupc"":2,""hella"":1,""pbj"":1}",1
"Apr 30, 2021","{""bae"":1,""doubletrouble"":1,""hella"":1}",1
"Apr 30, 2021","{""sexyback"":1,""mamaog"":1}",1
"Apr 30, 2021","{""doubletrouble"":1,""mamaog"":1,""matcha"":1,""sexyback"":1,""triplec"":1,""pbj"":1}",1
"Apr 30, 2021","{""deathchoc"":1,""redvelvet"":1,""salt"":1}",1
"Apr 30, 2021","{""pbj"":1}",3
"Apr 29, 2021","{""triplec"":1,""mamaog"":1}",1
"Apr 29, 2021","{""banog~s"":1,""hella"":1,""pbj"":1}",1
"Apr 29, 2021","{""hella"":1,""pbj"":1,""salt"":1,""bae"":1,""redbrownie"":1}",1
"Apr 29, 2021","{""fudge"":4,""redbrownie"":5,""hella"":1}",1
"Apr 29, 2021","{""mamaog"":1,""doubletrouble"":1,""babyog"":1,""triplec"":1,""sexyback"":1,""matcha"":1,""cornflakes"":1}",2
"Apr 29, 2021","{""hella"":1,""doubletrouble"":1}",1
"Apr 29, 2021","{""claus"":1,""mamaog"":1}",1
"Apr 29, 2021","{""pbj"":1}",4
"Apr 29, 2021","{""redbrownie"":5,""fudge"":2,""bae"":2}",1
"Apr 29, 2021","{""sexyback"":2}",1
"Apr 29, 2021","{""deathchoc"":1}",3
"Apr 29, 2021","{""bancheese~s"":1,""bannutella~s"":1}",1
"Apr 29, 2021","{""bannuts~s"":1,""fudge"":1}",1
"Apr 29, 2021","{""cupc"":1}",6
"Apr 29, 2021","{""salt"":1,""redbrownie"":1}",1
"Apr 29, 2021","{""mamaog"":2}",1
"Apr 29, 2021","{""mamaog"":1}",4
"Apr 29, 2021","{""babyog"":2,""doubletrouble"":1,""sexyback"":1,""pistachio"":1,""hella"":2,""pbj"":1,""bannutella~s"":1}",1
"Apr 29, 2021","{""doubletrouble"":2,""sexyback"":2}",1
"Apr 29, 2021","{""babyog"":1,""sexyback"":1}",1
"Apr 29, 2021","{""sexyback"":1}",3
"Apr 29, 2021","{""banultimate~s"":2}",1
"Apr 29, 2021","{""sexyback"":1,""babyog"":1}",2
"Apr 29, 2021","{""banultimate~s"":1}",1
"Apr 29, 2021","{""salt"":1,""triplec"":1}",1
"Apr 29, 2021","{""doubletrouble"":1,""mamaog"":2,""matcha"":1,""sexyback"":1,""bae"":1,""fudge"":6,""redbrownie"":2}",1
"Apr 29, 2021","{""bae"":4,""fudge"":3,""redbrownie"":2}",1
"Apr 29, 2021","{""mamaog"":1,""sexyback"":1}",1
"Apr 29, 2021","{""mamaog"":1,""doubletrouble"":1}",1
"Apr 29, 2021","{""deathchoc"":1,""hella"":1,""salt"":1}",1
"Apr 29, 2021","{""babyog"":2,""claus"":3,""banultimate~s"":1,""bannutella~s"":1,""bancheese~s"":1}",1
"Apr 29, 2021","{""cornflakes"":1,""doubletrouble"":5,""mamaog"":1,""triplec"":5,""redvelvet"":1}",1
"Apr 29, 2021","{""cornflakes"":1,""matcha"":1,""sexyback"":1,""triplec"":1,""mamaog"":1}",1
"Apr 29, 2021","{""salt"":1}",1
"Apr 29, 2021","{""bannutella~s"":1}",1
"Apr 29, 2021","{""sexyback"":1,""bannutella~s"":1}",1
"Apr 29, 2021","{""bae"":3,""redbrownie"":3,""fudge"":3}",1
"Apr 28, 2021","{""mamaog"":1,""matcha"":1,""cornflakes"":1,""redvelvet"":1}",1
"Apr 28, 2021","{""fudge"":7,""bae"":2}",1
"Apr 28, 2021","{""mamaog"":1,""doubletrouble"":1}",2
"Apr 28, 2021","{""pbj"":1,""redvelvet"":1}",1
"Apr 28, 2021","{""matcha"":1,""sexyback"":1,""doubletrouble"":1}",1
"Apr 28, 2021","{""cupc"":2}",1
"Apr 28, 2021","{""redvelvet"":1,""deathchoc"":2,""salt"":1,""cupc"":1}",1
"Apr 28, 2021","{""cornflakes"":4}",1
"Apr 28, 2021","{""doubletrouble"":1,""mamaog"":1}",1
"Apr 28, 2021","{""cupc"":1,""hella"":1,""salt"":1}",1
"Apr 28, 2021","{""hella"":1}",3
"Apr 28, 2021","{""pbj"":1}",3
"Apr 28, 2021","{""hella"":1,""bae"":9,""redbrownie"":3,""fudge"":6}",1
"Apr 28, 2021","{""cornflakes"":1}",1
"Apr 28, 2021","{""matcha"":1,""mamaog"":1}",1
"Apr 28, 2021","{""matcha"":2,""cornflakes"":1,""babyog"":1,""mamaog"":1}",1
"Apr 28, 2021","{""matcha"":1}",1
"Apr 28, 2021","{""babyog"":1,""mamaog"":1,""bae"":3,""redbrownie"":3,""fudge"":3}",1
"Apr 28, 2021","{""sexyback"":1,""babyog"":1}",1
"Apr 28, 2021","{""mamaog"":1}",2
"Apr 28, 2021","{""doubletrouble"":1,""mamaog"":1,""matcha"":8,""sexyback"":1,""triplec"":1}",1
"Apr 28, 2021","{""hella"":1,""cupc"":1,""salt"":1,""bannutella~s"":1}",1
"Apr 28, 2021","{""matcha"":1,""doubletrouble"":1}",1
"Apr 28, 2021","{""babyog"":1}",1
"Apr 28, 2021","{""cupc"":1}",4
"Apr 28, 2021","{""hella"":1,""sexyback"":2,""bancheese~s"":1}",1
"Apr 28, 2021","{""redvelvet"":1}",1
"Apr 28, 2021","{""bae"":2,""redbrownie"":2,""fudge"":5}",1
"Apr 28, 2021","{""mamaog"":1,""pistachio"":1,""doubletrouble"":1}",1
"Apr 28, 2021","{""bae"":3,""redbrownie"":3,""fudge"":3,""redvelvet"":1,""bannutella~s"":1}",1
"Apr 28, 2021","{""banog~s"":1}",1
"Apr 28, 2021","{""cupc"":1,""pbj"":1}",1
"Apr 28, 2021","{""banultimate~s"":1,""mamaog"":1,""sexyback"":1}",1
"Apr 28, 2021","{""sexyback"":1}",2
"Apr 28, 2021","{""doubletrouble"":1,""matcha"":1,""sexyback"":1,""triplec"":1,""claus"":1,""bannutella~s"":1}",1
"Apr 28, 2021","{""sexyback"":5}",1
"Apr 28, 2021","{""salt"":1}",1
"Apr 28, 2021","{""cupc"":1,""pbj"":1,""deathchoc"":1}",1
"Apr 28, 2021","{""triplec"":1}",1
"Apr 28, 2021","{""mamaog"":1,""doubletrouble"":1,""matcha"":1,""triplec"":1,""sexyback"":1}",1
"Apr 28, 2021","{""deathchoc"":1,""pbj"":1}",1
"Apr 28, 2021","{""deathchoc"":2,""matcha"":1}",1
"Apr 28, 2021","{""babyog"":1,""doubletrouble"":1,""mamaog"":1,""matcha"":1,""triplec"":1,""bae"":4,""fudge"":3,""redbrownie"":2,""hella"":1}",1
"Apr 28, 2021","{""cupc"":1,""deathchoc"":1,""salt"":1}",1
"Apr 28, 2021","{""hella"":1,""salt"":1,""triplec"":1}",1
"Apr 28, 2021","{""doubletrouble"":1,""triplec"":1}",1
"Apr 27, 2021","{""redbrownie"":9,""fudge"":9}",1
"Apr 27, 2021","{""sexyback"":1}",1
"Apr 27, 2021","{""sexyback"":1,""mamaog"":1,""matcha"":1}",1
"Apr 27, 2021","{""matcha"":1,""sexyback"":1,""doubletrouble"":1,""cupc"":1}",1
"Apr 27, 2021","{""redvelvet"":1,""salt"":1,""cupc"":1,""hella"":1,""bannutella~s"":1}",1
"Apr 27, 2021","{""mamaog"":1,""sexyback"":1,""doubletrouble"":1}",1
"Apr 27, 2021","{""hella"":1,""banog~s"":1}",1
"Apr 27, 2021","{""deathchoc"":1}",1
"Apr 27, 2021","{""hella"":1}",3
"Apr 27, 2021","{""banog~s"":1,""doubletrouble"":1}",1
"Apr 27, 2021","{""cornflakes"":3,""doubletrouble"":4,""matcha"":3,""sexyback"":3,""babyog"":4,""mamaog"":4,""triplec"":3}",1
"Apr 27, 2021","{""bannutella~s"":1,""hella"":1}",1
"Apr 27, 2021","{""matcha"":1,""sexyback"":2}",1
"Apr 27, 2021","{""cornflakes"":1,""sexyback"":1}",1
"Apr 27, 2021","{""mamaog"":1,""sexyback"":1,""matcha"":1,""babyog"":1,""triplec"":1}",1
"Apr 27, 2021","{""mamaog"":2,""babyog"":2,""sexyback"":2,""matcha"":2,""claus"":2,""triplec"":1,""cornflakes"":1}",1
"Apr 27, 2021","{""coconut_slice"":1,""kiss_slice"":1,""chocpudding_slice"":1}",1
"Apr 27, 2021","{""cupc"":1,""pbj"":1,""deathchoc"":1}",1
"Apr 27, 2021","{""cornflakes"":1,""mamaog"":1}",1
"Apr 27, 2021","{""doubletrouble"":3,""cornflakes"":2}",1
"Apr 27, 2021","{""babyog"":1}",1
"Apr 27, 2021","{""bancheese~s"":1}",1
"Apr 27, 2021","{""mamaog"":1,""doubletrouble"":2,""triplec"":1,""matcha"":1}",1
"Apr 27, 2021","{""cupc"":1,""sexyback"":1}",1
"Apr 27, 2021","{""triplec"":2,""doubletrouble"":2}",1
"Apr 27, 2021","{""bannuts~s"":1}",1
"Apr 27, 2021","{""cupc"":1,""deathchoc"":1}",1
"Apr 27, 2021","{""cornflakes"":1,""doubletrouble"":1,""matcha"":1,""sexyback"":1,""claus"":1,""mayong~s"":2}",1
"Apr 27, 2021","{""doubletrouble"":1,""mamaog"":1,""matcha"":1,""sexyback"":1,""babyog"":1}",1
"Apr 27, 2021","{""cupc"":1}",1
"Apr 27, 2021","{""babyog"":1,""doubletrouble"":1,""mamaog"":1,""sexyback"":1,""triplec"":1}",1
"Apr 27, 2021","{""babyog"":2,""cornflakes"":2,""mamaog"":2,""sexyback"":2,""triplec"":2}",1
"Apr 27, 2021","{""sexyback"":1,""bae"":3,""fudge"":3,""redbrownie"":3}",1
"Apr 27, 2021","{""hella"":1,""cupc"":1,""deathchoc"":1}",1
"Apr 27, 2021","{""deathchoc"":1,""salt"":1,""mamaog"":1}",1
"Apr 27, 2021","{""mamaog"":1,""doubletrouble"":1,""sexyback"":1,""matcha"":1,""cornflakes"":1}",1
"Apr 27, 2021","{""pbj"":1}",1
"Apr 27, 2021","{""cornflakes"":1,""triplec"":1}",1
"Apr 27, 2021","{""babyog"":1,""doubletrouble"":1,""claus"":1,""pistachio"":1}",1
"Apr 27, 2021","{""cupc"":1,""hella"":1,""redvelvet"":1,""mayong~s"":1}",1
"Apr 27, 2021","{""doubletrouble"":1}",1
"Apr 27, 2021","{""babyog"":1,""bancheese~s"":1,""bannutella~s"":1,""cupc"":1}",1
"Apr 26, 2021","{""babyog"":1,""cornflakes"":1,""doubletrouble"":1,""mamaog"":2,""matcha"":2,""sexyback"":2,""triplec"":1,""pistachio"":2}",1
"Apr 26, 2021","{""fudge"":1}",1
"Apr 26, 2021","{""doubletrouble"":2,""cornflakes"":1,""triplec"":1}",1
"Apr 26, 2021","{""mamaog"":1,""doubletrouble"":1,""babyog"":1,""triplec"":1,""sexyback"":1}",1
"Apr 26, 2021","{""babyog"":1}",1
"Apr 26, 2021","{""salt"":1,""hella"":1}",1
"Apr 26, 2021","{""mayong~s"":1}",1
"Apr 26, 2021","{""bae"":3,""redbrownie"":3,""fudge"":3}",1
"Apr 26, 2021","{""pbj"":1,""sexyback"":2,""triplec"":1,""mamaog"":1,""babyog"":1}",1
"Apr 26, 2021","{""bancheese~s"":1}",2
"Apr 26, 2021","{""mamaog"":1}",1
"Apr 26, 2021","{""cupc"":1}",4
"Apr 26, 2021","{""cornflakes"":2,""mamaog"":1}",1
"Apr 26, 2021","{""fudge"":6,""redbrownie"":6,""bae"":6}",1
"Apr 26, 2021","{""sexyback"":1}",1
"Apr 26, 2021","{""sexyback"":2}",1
"Apr 26, 2021","{""bae"":1,""redbrownie"":1,""fudge"":1}",1
"Apr 26, 2021","{""mayong~s"":1,""bancheese~s"":1}",1
"Apr 26, 2021","{""mamaog"":1,""sexyback"":1,""matcha"":1,""triplec"":1,""doubletrouble"":1}",1
"Apr 26, 2021","{""salt"":1,""matcha"":1}",1
"Apr 26, 2021","{""banultimate~s"":2}",1
"Apr 26, 2021","{""pbj"":1}",1
"Apr 26, 2021","{""mamaog"":4,""babyog"":4,""doubletrouble"":2,""sexyback"":2}",1
"Apr 26, 2021","{""mamaog"":2,""matcha"":1,""doubletrouble"":1,""fudge"":4,""salt"":1,""redvelvet"":1}",1
"Apr 26, 2021","{""hella"":1,""bannutella~s"":1}",1
"Apr 26, 2021","{""matcha"":2,""doubletrouble"":1}",1
"Apr 26, 2021","{""banultimate~s"":1,""mayong~s"":1}",1
"Apr 26, 2021","{""bannutella~s"":1,""cupc"":1}",1
"Apr 26, 2021","{""fudge"":5,""redbrownie"":4}",1
"Apr 26, 2021","{""sexyback"":1,""matcha"":1,""pbj"":1}",1
"Apr 26, 2021","{""hella"":2}",1
"Apr 26, 2021","{""sexyback"":1,""babyog"":1,""banultimate~s"":1,""cupc"":1,""hella"":1}",1
"Apr 26, 2021","{""deathchoc"":1}",2
"Apr 26, 2021","{""hella"":1,""redvelvet"":1}",1
"Apr 26, 2021","{""cupc"":1,""pbj"":1}",1
"Apr 26, 2021","{""banultimate~s"":1}",1
"Apr 26, 2021","{""sexyback"":1,""doubletrouble"":1}",1
"Apr 26, 2021","{""cupc"":1,""salt"":1,""redvelvet"":1}",1
"Apr 26, 2021","{""mamaog"":1,""doubletrouble"":1,""triplec"":1,""sexyback"":1,""cornflakes"":1}",1
"Apr 25, 2021","{""bannuts~s"":1}",1
"Apr 25, 2021","{""matcha"":1,""doubletrouble"":1,""mamaog"":1,""mayong~s"":1,""redbrownie"":9,""fudge"":6,""bae"":3}",1
"Apr 25, 2021","{""triplec"":2,""mamaog"":2,""doubletrouble"":1}",1
"Apr 25, 2021","{""babyog"":1,""mamaog"":2}",1
"Apr 25, 2021","{""pbj"":1}",3
"Apr 25, 2021","{""bae"":1,""redbrownie"":1,""fudge"":1,""hella"":1}",1
"Apr 25, 2021","{""banultimate~s"":1,""babyog"":1,""sexyback"":1,""mamaog"":1,""cornflakes"":1}",1
"Apr 25, 2021","{""doubletrouble"":1,""triplec"":1}",1
"Apr 25, 2021","{""doubletrouble"":2,""triplec"":1,""babyog"":1,""mamaog"":1}",1
"Apr 25, 2021","{""salt"":1,""pbj"":1,""cupc"":1}",1
"Apr 25, 2021","{""hella"":1,""matcha"":1}",1
"Apr 25, 2021","{""babyog"":1,""sexyback"":1,""mamaog"":1,""fudge"":1,""bae"":1,""cupc"":1}",1
"Apr 25, 2021","{""pbj"":1,""babyog"":1}",1
"Apr 25, 2021","{""sexyback"":1,""cornflakes"":1}",1
"Apr 25, 2021","{""doubletrouble"":1}",1
"Apr 25, 2021","{""salt"":1}",2
"Apr 25, 2021","{""bancheese~s"":2}",1
"Apr 25, 2021","{""matcha"":1,""triplec"":1,""sexyback"":1,""doubletrouble"":1,""cornflakes"":1}",1
"Apr 25, 2021","{""redvelvet"":1,""banog~s"":1}",1
"Apr 25, 2021","{""bancheese~s"":1}",1
"Apr 25, 2021","{""bannutella~s"":1,""sexyback"":1}",1
"Apr 25, 2021","{""babyog"":1,""sexyback"":1,""hella"":1}",1
"Apr 25, 2021","{""deathchoc"":1,""cupc"":1,""hella"":1}",1
"Apr 25, 2021","{""cupc"":1,""hella"":1}",1
"Apr 25, 2021","{""mamaog"":1,""cornflakes"":1}",1
"Apr 25, 2021","{""redvelvet"":1}",2
"Apr 25, 2021","{""matcha"":1}",1
"Apr 25, 2021","{""cupc"":1}",3
"Apr 25, 2021","{""hella"":1,""pbj"":1}",1
"Apr 25, 2021","{""cornflakes"":2,""mamaog"":2,""salt"":1,""deathchoc"":1}",1
"Apr 25, 2021","{""cornflakes"":1,""claus"":1}",1
"Apr 25, 2021","{""redbrownie"":1}",1
"Apr 25, 2021","{""redbrownie"":3,""fudge"":3,""bae"":3,""sexyback"":1,""triplec"":1,""cornflakes"":1}",1
"Apr 25, 2021","{""bae"":4,""fudge"":5,""mamaog"":3,""matcha"":2,""triplec"":1,""doubletrouble"":1,""babyog"":2,""sexyback"":3}",1
"Apr 25, 2021","{""sexyback"":1}",2
"Apr 25, 2021","{""hella"":1}",1
"Apr 25, 2021","{""pbj"":1,""banog~s"":1}",1
"Apr 25, 2021","{""doubletrouble"":2,""mamaog"":1,""sexyback"":1,""matcha"":1}",1
"Apr 25, 2021","{""matcha"":1,""sexyback"":1,""cornflakes"":1}",1
"Apr 25, 2021","{""bannutella~s"":1}",1
"Apr 25, 2021","{""banultimate~s"":1,""mamaog"":1}",2
"Apr 25, 2021","{""pbj"":1,""cupc"":1}",1
"Apr 25, 2021","{""sexyback"":2}",1
"Apr 25, 2021","{""cornflakes"":1}",1
"Apr 25, 2021","{""babyog"":1,""sexyback"":1,""matcha"":1}",1
"Apr 25, 2021","{""redvelvet"":1,""mamaog"":1,""doubletrouble"":1,""sexyback"":1}",1
"Apr 25, 2021","{""mamaog"":2}",1
"Apr 25, 2021","{""mayong~s"":1,""matcha"":1,""sexyback"":1}",1
"Apr 25, 2021","{""redbrownie"":5,""fudge"":2,""bae"":2}",1
"Apr 25, 2021","{""deathchoc"":1,""mamaog"":1,""sexyback"":1,""claus"":1}",1
"Apr 25, 2021","{""mamaog"":1}",1
"Apr 25, 2021","{""sexyback"":5}",1
"Apr 25, 2021","{""deathchoc"":1}",4
"Apr 25, 2021","{""mayong~s"":2}",1
"Apr 25, 2021","{""sexyback"":1,""doubletrouble"":1,""babyog"":1,""mamaog"":1,""triplec"":1}",1
"Apr 25, 2021","{""salt"":1,""hella"":1}",1
"Apr 24, 2021","{""mamaog"":1,""babyog"":1,""cornflakes"":1}",1
"Apr 24, 2021","{""sexyback"":2,""hella"":1}",1
"Apr 24, 2021","{""doubletrouble"":1,""deathchoc"":1}",1
"Apr 24, 2021","{""bannuts~s"":1,""hella"":1}",1
"Apr 24, 2021","{""bae"":2,""redbrownie"":1,""fudge"":6}",1
"Apr 24, 2021","{""bancheese~s"":1,""redvelvet"":1}",1
"Apr 24, 2021","{""cupc"":1}",3
"Apr 24, 2021","{""bae"":3,""fudge"":3,""redbrownie"":3,""mamaog"":1,""babyog"":1,""sexyback"":1}",1
"Apr 24, 2021","{""mayong~s"":1,""mamaog"":1,""doubletrouble"":1}",1
"Apr 24, 2021","{""redvelvet"":1,""salt"":1}",1
"Apr 24, 2021","{""cupc"":1,""salt"":1}",1
"Apr 24, 2021","{""redvelvet"":1,""matcha"":1}",1
"Apr 24, 2021","{""doubletrouble"":1,""salt"":1}",1
"Apr 24, 2021","{""cupc"":1,""pbj"":2,""salt"":1,""redvelvet"":1}",1
"Apr 24, 2021","{""fudge"":1,""cupc"":1}",1
"Apr 24, 2021","{""pbj"":1,""bancheese~s"":1,""redbrownie"":3}",1
"Apr 24, 2021","{""matcha"":3}",1
"Apr 24, 2021","{""pbj"":1,""cupc"":1,""deathchoc"":1,""banog~s"":1}",1
"Apr 24, 2021","{""babyog"":2,""sexyback"":2}",1
"Apr 24, 2021","{""sexyback"":1,""cupc"":1,""banultimate~s"":1}",1
"Apr 24, 2021","{""triplec"":1}",1
"Apr 24, 2021","{""bannutella~s"":1}",1
"Apr 24, 2021","{""mamaog"":2,""sexyback"":2,""babyog"":1}",1
"Apr 24, 2021","{""bancheese~s"":1}",1
"Apr 24, 2021","{""bae"":15,""redbrownie"":15,""fudge"":15}",1
"Apr 24, 2021","{""pbj"":1}",2
"Apr 24, 2021","{""banultimate~s"":1}",2
"Apr 24, 2021","{""deathchoc"":1}",3
"Apr 24, 2021","{""sexyback"":1}",2
"Apr 24, 2021","{""hella"":1}",2
"Apr 24, 2021","{""doubletrouble"":1}",3
"Apr 24, 2021","{""hella"":1,""pbj"":1}",1
"Apr 24, 2021","{""cupc"":1,""pbj"":1,""deathchoc"":1}",1
"Apr 24, 2021","{""fudge"":1,""mamaog"":2,""doubletrouble"":2,""sexyback"":1,""salt"":1}",1
"Apr 24, 2021","{""mayong~s"":1,""banultimate~s"":1}",1
"Apr 24, 2021","{""sexyback"":4,""matcha"":2,""mamaog"":2,""cornflakes"":2,""babyog"":1,""triplec"":1}",1
"Apr 24, 2021","{""mamaog"":1,""matcha"":1,""doubletrouble"":1}",1
"Apr 24, 2021","{""pbj"":1,""hella"":1,""cupc"":1,""deathchoc"":1}",1
"Apr 24, 2021","{""pbj"":1,""sexyback"":1}",1
"Apr 24, 2021","{""bae"":9,""redbrownie"":9,""fudge"":9}",1
"Apr 24, 2021","{""mamaog"":1}",2
"Apr 24, 2021","{""fudge"":1,""redbrownie"":1}",1
"Apr 24, 2021","{""mamaog"":1,""babyog"":1,""sexyback"":1,""cupc"":1}",1
"Apr 24, 2021","{""cupc"":1,""deathchoc"":1,""redvelvet"":1}",1
"Apr 24, 2021","{""cornflakes"":1,""sexyback"":1}",2
"Apr 24, 2021","{""salt"":1}",3
"Apr 24, 2021","{""hella"":1,""salt"":1}",1
"Apr 24, 2021","{""cupc"":1,""matcha"":1}",1
"Apr 24, 2021","{""cupc"":1,""sexyback"":1}",1
"Apr 24, 2021","{""babyog"":1}",1
"Apr 24, 2021","{""redvelvet"":1,""cupc"":1}",1
"Apr 24, 2021","{""bae"":4,""redbrownie"":2,""fudge"":3}",1
"Apr 24, 2021","{""cornflakes"":1}",1
"Apr 24, 2021","{""sexyback"":2}",1
"Apr 24, 2021","{""mamaog"":1,""doubletrouble"":1,""babyog"":1,""sexyback"":1,""cornflakes"":1}",1
"Apr 24, 2021","{""sexyback"":1,""hella"":1,""redvelvet"":1}",1
"Apr 24, 2021","{""deathchoc"":1,""matcha"":1,""triplec"":1}",1
"Apr 23, 2021","{""hella"":1}",3
"Apr 23, 2021","{""mamaog"":1,""babyog"":1}",1
"Apr 23, 2021","{""matcha"":1,""sexyback"":1,""cornflakes"":1,""doubletrouble"":1,""mamaog"":1,""hella"":1}",1
"Apr 23, 2021","{""matcha"":2,""sexyback"":1}",1
"Apr 23, 2021","{""cupc"":1}",3
"Apr 23, 2021","{""doubletrouble"":1,""matcha"":1}",1
"Apr 23, 2021","{""deathchoc"":1,""matcha"":1}",1
"Apr 23, 2021","{""pbj"":1,""hella"":1}",1
"Apr 23, 2021","{""redbrownie"":9}",1
"Apr 23, 2021","{""bae"":1,""redbrownie"":1,""fudge"":1,""mamaog"":1,""sexyback"":1,""cornflakes"":1}",1
"Apr 23, 2021","{""mamaog"":1,""doubletrouble"":1}",1
"Apr 23, 2021","{""pbj"":1,""hella"":1,""cupc"":2,""salt"":2}",1
"Apr 23, 2021","{""doubletrouble"":1}",1
"Apr 23, 2021","{""sexyback"":1,""mamaog"":1,""matcha"":1,""doubletrouble"":1,""triplec"":1}",1
"Apr 23, 2021","{""fudge"":3,""bae"":6}",1
"Apr 23, 2021","{""sexyback"":1,""cornflakes"":1}",1
"Apr 23, 2021","{""bancheese~s"":1}",1
"Apr 23, 2021","{""bae"":3,""redbrownie"":3,""fudge"":3}",3
"Apr 23, 2021","{""fudge"":5,""bae"":3,""redbrownie"":1}",1
"Apr 23, 2021","{""matcha"":1}",1
"Apr 23, 2021","{""mamaog"":1}",1
"Apr 23, 2021","{""cupc"":1,""pbj"":1}",1
"Apr 23, 2021","{""mamaog"":1,""babyog"":1,""triplec"":1,""sexyback"":2}",1
"Apr 23, 2021","{""fudge"":9}",1
"Apr 23, 2021","{""banultimate~s"":1}",1
"Apr 23, 2021","{""redvelvet"":1}",2
"Apr 23, 2021","{""doubletrouble"":1,""sexyback"":1}",1
"Apr 23, 2021","{""cupc"":1,""matcha"":1}",1
"Apr 23, 2021","{""banultimate~s"":1,""doubletrouble"":1,""babyog"":1}",1
"Apr 23, 2021","{""mamaog"":1,""pbj"":1}",1
"Apr 23, 2021","{""salt"":1}",2
"Apr 23, 2021","{""bae"":6,""fudge"":6,""redbrownie"":6,""cupc"":1}",1
"Apr 23, 2021","{""bannutella~s"":1}",1
"Apr 23, 2021","{""cupc"":1,""babyog"":1}",1
"Apr 23, 2021","{""mayong~s"":1,""doubletrouble"":1}",1
"Apr 23, 2021","{""mamaog"":3,""doubletrouble"":3,""babyog"":1,""triplec"":2,""sexyback"":1,""matcha"":1,""cornflakes"":1}",1
"Apr 23, 2021","{""deathchoc"":1,""hella"":1}",1
"Apr 23, 2021","{""babyog"":1,""sexyback"":1}",1
"Apr 23, 2021","{""sexyback"":1}",2
"Apr 23, 2021","{""sexyback"":1,""babyog"":1}",1
"Apr 22, 2021","{""hella"":1}",2
"Apr 22, 2021","{""redbrownie"":5,""fudge"":2,""bae"":2,""sexyback"":1}",1
"Apr 22, 2021","{""deathchoc"":1,""salt"":1}",1
"Apr 22, 2021","{""banultimate~s"":1,""redvelvet"":1}",1
"Apr 22, 2021","{""cupc"":1,""hella"":1}",1
"Apr 22, 2021","{""salt"":1,""mayong~s"":1}",1
"Apr 22, 2021","{""bae"":3,""redbrownie"":3,""fudge"":3}",1
"Apr 22, 2021","{""cupc"":1,""hella"":1,""pbj"":1,""sexyback"":1,""mamaog"":1,""triplec"":1}",1
"Apr 22, 2021","{""cornflakes"":2,""doubletrouble"":1,""sexyback"":1,""mamaog"":1,""mayong~s"":1}",1
"Apr 22, 2021","{""pbj"":1}",1
"Apr 22, 2021","{""redvelvet"":1,""mamaog"":1,""banultimate~s"":1}",1
"Apr 22, 2021","{""mayong~s"":1}",2
"Apr 22, 2021","{""cornflakes"":1,""mamaog"":1}",1
"Apr 22, 2021","{""mamaog"":1,""pbj"":1}",1
"Apr 22, 2021","{""cupc"":1,""mamaog"":1,""sexyback"":1}",1
"Apr 22, 2021","{""cornflakes"":1,""sexyback"":1,""mamaog"":1,""babyog"":1,""matcha"":1}",1
"Apr 22, 2021","{""matcha"":1}",1
"Apr 22, 2021","{""cupc"":1,""sexyback"":1,""cornflakes"":1}",1
"Apr 22, 2021","{""sexyback"":2,""mamaog"":1,""doubletrouble"":1,""babyog"":1,""triplec"":1}",1
"Apr 22, 2021","{""cornflakes"":1,""triplec"":1,""doubletrouble"":1,""sexyback"":1}",1
"Apr 22, 2021","{""bannutella~s"":1}",1
"Apr 22, 2021","{""sexyback"":2}",1
"Apr 22, 2021","{""bae"":9,""cupc"":1,""hella"":1}",1
"Apr 22, 2021","{""bannutella~s"":1,""triplec"":1}",1
"Apr 22, 2021","{""banultimate~s"":1,""cornflakes"":1,""salt"":1}",1
"Apr 22, 2021","{""mamaog"":1}",2
"Apr 22, 2021","{""deathchoc"":4}",1
"Apr 22, 2021","{""fudge"":5,""bae"":4,""matcha"":1,""pbj"":1}",1
"Apr 22, 2021","{""bancheese~s"":1}",1
"Apr 22, 2021","{""cupc"":1}",1
"Apr 22, 2021","{""hella"":1,""mamaog"":1}",1
"Apr 22, 2021","{""fudge"":9,""cupc"":2}",1
"Apr 22, 2021","{""cupc"":1,""deathchoc"":1,""bae"":1,""redbrownie"":1,""fudge"":1}",1
"Apr 21, 2021","{""mamaog"":1,""doubletrouble"":1,""sexyback"":1,""matcha"":1,""babyog"":2,""mayong~s"":1}",1
"Apr 21, 2021","{""doubletrouble"":2,""fudge"":1}",1
"Apr 21, 2021","{""mayong~s"":4,""doubletrouble"":1,""pbj"":2,""hella"":2,""cupc"":2}",1
"Apr 21, 2021","{""banultimate~s"":1,""mamaog"":1}",1
"Apr 21, 2021","{""pbj"":1}",5
"Apr 21, 2021","{""mamaog"":2,""doubletrouble"":2,""babyog"":2,""triplec"":2,""sexyback"":2,""cornflakes"":2}",1
"Apr 21, 2021","{""fudge"":4,""bae"":5,""doubletrouble"":1,""mamaog"":2}",1
"Apr 21, 2021","{""hella"":1,""cupc"":1,""deathchoc"":1,""pbj"":1,""salt"":1,""redvelvet"":1}",1
"Apr 21, 2021","{""redvelvet"":1}",1
"Apr 21, 2021","{""carrot_slice"":1,""coconut_slice"":1}",1
"Apr 21, 2021","{""mamaog"":1,""babyog"":1,""sexyback"":1}",1
"Apr 21, 2021","{""matcha"":1}",1
"Apr 21, 2021","{""deathchoc"":1,""salt"":1}",1
"Apr 21, 2021","{""sexyback"":3,""mamaog"":2}",1
"Apr 21, 2021","{""banog~s"":1,""sexyback"":3,""cornflakes"":2}",1
"Apr 21, 2021","{""salt"":1,""redvelvet"":1}",1
"Apr 21, 2021","{""pbj"":1,""sexyback"":1,""babyog"":1}",1
"Apr 21, 2021","{""cupc"":1}",1
"Apr 21, 2021","{""matcha"":3,""sexyback"":2,""mamaog"":2,""babyog"":2,""doubletrouble"":1,""triplec"":1,""pistachio"":1,""hella"":1}",1
"Apr 21, 2021","{""cornflakes"":1}",1
"Apr 21, 2021","{""babyog"":4,""sexyback"":1}",1
"Apr 21, 2021","{""mayong~s"":1,""bannutella~s"":1}",1
"Apr 21, 2021","{""pbj"":1,""cupc"":1,""salt"":1,""mamaog"":2,""doubletrouble"":2,""babyog"":2,""triplec"":2,""sexyback"":2,""matcha"":1,""cornflakes"":1}",1
"Apr 21, 2021","{""mamaog"":1}",1
"Apr 21, 2021","{""bannutella~s"":1,""bae"":2,""mamaog"":1,""sexyback"":1}",1
"Apr 21, 2021","{""hella"":1}",2
"Apr 21, 2021","{""doubletrouble"":1}",1
"Apr 21, 2021","{""babyog"":1}",1
"Apr 21, 2021","{""deathchoc"":1,""cupc"":1,""hella"":1,""sexyback"":1}",1
"Apr 21, 2021","{""sexyback"":2,""babyog"":2,""mamaog"":2,""doubletrouble"":2,""matcha"":2,""triplec"":1,""cornflakes"":1}",1
"Apr 21, 2021","{""redvelvet"":1,""deathchoc"":1}",2
"Apr 21, 2021","{""sexyback"":1}",1
"Apr 21, 2021","{""salt"":1}",2
"Apr 21, 2021","{""bancheese~s"":1,""mayong~s"":1}",1
"Apr 21, 2021","{""bae"":9,""fudge"":9,""redbrownie"":9}",1
"Apr 21, 2021","{""bae"":3,""fudge"":3,""redbrownie"":3,""mamaog"":1,""cupc"":1}",1
"Apr 20, 2021","{""pbj"":1}",2
"Apr 20, 2021","{""banultimate~s"":1}",1
"Apr 20, 2021","{""cupc"":1,""sexyback"":1}",1
"Apr 20, 2021","{""banog~s"":1,""salt"":1}",1
"Apr 20, 2021","{""cupc"":1}",3
"Apr 20, 2021","{""deathchoc"":1,""salt"":1,""sexyback"":1,""triplec"":1}",1
"Apr 20, 2021","{""bae"":5,""redbrownie"":4}",1
"Apr 20, 2021","{""matcha"":1}",2
"Apr 20, 2021","{""redvelvet"":1,""cupc"":1}",1
"Apr 20, 2021","{""deathchoc"":1,""doubletrouble"":1}",1
"Apr 20, 2021","{""mamaog"":1,""triplec"":1}",1
"Apr 20, 2021","{""mamaog"":1,""doubletrouble"":1,""sexyback"":1,""matcha"":1,""cornflakes"":1}",1
"Apr 20, 2021","{""bannutella~s"":1,""deathchoc"":1}",1
"Apr 20, 2021","{""pbj"":1,""cupc"":1,""hella"":1}",1
"Apr 20, 2021","{""sexyback"":3}",1
"Apr 20, 2021","{""bancheese~s"":1}",2
"Apr 20, 2021","{""salt"":1}",1
"Apr 20, 2021","{""doubletrouble"":2,""mamaog"":1,""sexyback"":1,""matcha"":1}",1
"Apr 20, 2021","{""mamaog"":1,""triplec"":1,""babyog"":1,""cornflakes"":3,""matcha"":3,""doubletrouble"":3}",1
"Apr 20, 2021","{""doubletrouble"":1}",1
"Apr 20, 2021","{""redvelvet"":1}",3
"Apr 20, 2021","{""pbj"":2,""salt"":1,""matcha"":1,""sexyback"":1}",1
"Apr 20, 2021","{""redvelvet"":1,""pbj"":1,""hella"":1}",1
"Apr 20, 2021","{""cupc"":1,""hella"":1}",1
"Apr 20, 2021","{""triplec"":1,""doubletrouble"":1}",1
"Apr 20, 2021","{""bancheese~s"":1,""banultimate~s"":1}",1
"Apr 20, 2021","{""fudge"":9}",1
"Apr 19, 2021","{""babyog"":1}",1
"Apr 19, 2021","{""redvelvet"":1,""salt"":1,""deathchoc"":1,""cupc"":1}",1
"Apr 19, 2021","{""cupc"":1,""pbj"":1}",1
"Apr 19, 2021","{""salt"":1,""pbj"":2}",1
"Apr 19, 2021","{""mamaog"":1,""doubletrouble"":1,""triplec"":1,""bancheese~s"":1}",1
"Apr 19, 2021","{""cornflakes"":1,""sexyback"":1}",1
"Apr 19, 2021","{""sexyback"":1,""mamaog"":1,""doubletrouble"":1,""triplec"":1,""matcha"":1}",1
"Apr 19, 2021","{""bae"":1,""fudge"":4,""redbrownie"":4}",1
"Apr 19, 2021","{""sexyback"":1,""bancheese~s"":1}",1
"Apr 19, 2021","{""sexyback"":1,""mamaog"":1}",2
"Apr 19, 2021","{""sexyback"":2,""babyog"":2,""doubletrouble"":1}",1
"Apr 19, 2021","{""sexyback"":3}",1
"Apr 19, 2021","{""mamaog"":1}",2
"Apr 19, 2021","{""redvelvet"":1,""hella"":1}",1
"Apr 19, 2021","{""mamaog"":1,""matcha"":1}",1
"Apr 19, 2021","{""sexyback"":1}",4
"Apr 19, 2021","{""mamaog"":1,""doubletrouble"":1}",1
"Apr 19, 2021","{""cupc"":1,""mamaog"":1,""pbj"":1}",1
"Apr 19, 2021","{""babyog"":2,""cupc"":1}",1
"Apr 19, 2021","{""doubletrouble"":2,""mamaog"":2}",1
"Apr 19, 2021","{""bancheese~s"":1}",1
"Apr 19, 2021","{""pbj"":1}",2
"Apr 19, 2021","{""banultimate~s"":1,""mamaog"":1}",1
"Apr 19, 2021","{""banultimate~s"":1}",1
"Apr 19, 2021","{""redvelvet"":1}",1
"Apr 19, 2021","{""matcha"":2,""triplec"":1,""sexyback"":2,""cornflakes"":1}",1
"Apr 19, 2021","{""bae"":3,""redbrownie"":3,""fudge"":3}",1
"Apr 19, 2021","{""hella"":1,""sexyback"":1}",1
"Apr 19, 2021","{""hella"":1}",2
"Apr 19, 2021","{""pbj"":1,""cornflakes"":1}",1
"Apr 19, 2021","{""fudge"":5,""bae"":4}",1
"Apr 19, 2021","{""cupc"":1}",2
"Apr 19, 2021","{""matcha"":1,""sexyback"":1}",1
"Apr 19, 2021","{""mamaog"":1,""sexyback"":1,""matcha"":1}",1
"Apr 19, 2021","{""cupc"":1,""salt"":1}",1
"Apr 19, 2021","{""sexyback"":2}",1
"Apr 19, 2021","{""cupc"":2}",1
"Apr 19, 2021","{""mamaog"":2,""sexyback"":1,""triplec"":2}",1
"Apr 19, 2021","{""hella"":1,""sexyback"":1,""babyog"":1}",1
"Apr 18, 2021","{""bae"":3,""fudge"":3,""redbrownie"":3,""babyog"":1,""cornflakes"":1,""hella"":1}",1
"Apr 18, 2021","{""hella"":1,""salt"":1}",1
"Apr 18, 2021","{""deathchoc"":1,""doubletrouble"":1,""triplec"":1,""mamaog"":1,""sexyback"":1}",1
"Apr 18, 2021","{""pbj"":1,""cupc"":1}",1
"Apr 18, 2021","{""fudge"":4,""redbrownie"":5}",1
"Apr 18, 2021","{""cupc"":1,""hella"":1}",1
"Apr 18, 2021","{""doubletrouble"":1}",2
"Apr 18, 2021","{""redvelvet"":1}",3
"Apr 18, 2021","{""deathchoc"":1}",1
"Apr 18, 2021","{""redvelvet"":1,""hella"":1}",1
"Apr 18, 2021","{""pbj"":1,""deathchoc"":1}",2
"Apr 18, 2021","{""fudge"":4}",1
"Apr 18, 2021","{""cupc"":1,""redvelvet"":1}",1
"Apr 18, 2021","{""pbj"":1}",2
"Apr 18, 2021","{""bae"":3,""redbrownie"":3,""fudge"":3}",1
"Apr 18, 2021","{""redbrownie"":5,""bae"":2,""fudge"":2,""mayong~s"":1}",1
"Apr 18, 2021","{""doubletrouble"":1,""matcha"":1}",1
"Apr 18, 2021","{""cornflakes"":1,""sexyback"":1,""matcha"":1,""doubletrouble"":1,""mamaog"":1}",1
"Apr 18, 2021","{""mamaog"":2,""doubletrouble"":2,""matcha"":2,""sexyback"":3,""babyog"":1,""pistachio"":1,""cornflakes"":1}",1
"Apr 18, 2021","{""mamaog"":3,""triplec"":2,""doubletrouble"":1}",1
"Apr 18, 2021","{""banog~s"":1,""bannutella~s"":1}",1
"Apr 18, 2021","{""sexyback"":1}",2
"Apr 18, 2021","{""mamaog"":1}",2
"Apr 18, 2021","{""bannutella~s"":1}",1
"Apr 18, 2021","{""hella"":1}",3
"Apr 18, 2021","{""mayong~s"":1,""mamaog"":1,""sexyback"":1}",1
"Apr 18, 2021","{""salt"":1,""cupc"":1,""pbj"":1}",1
"Apr 18, 2021","{""babyog"":1,""fudge"":2}",1
"Apr 18, 2021","{""hella"":1,""babyog"":1}",1
"Apr 18, 2021","{""hella"":1,""banultimate~s"":1}",1
"Apr 18, 2021","{""salt"":1,""redvelvet"":1}",1
"Apr 18, 2021","{""salt"":1}",1
"Apr 18, 2021","{""bae"":2,""matcha"":1}",1
"Apr 18, 2021","{""hella"":1,""matcha"":1}",1
"Apr 18, 2021","{""triplec"":1,""matcha"":1,""doubletrouble"":1}",1
"Apr 18, 2021","{""cupc"":1}",2
"Apr 18, 2021","{""cupc"":2,""bancheese~s"":1,""banultimate~s"":1}",1
"Apr 18, 2021","{""pbj"":1,""banog~s"":1}",1
"Apr 17, 2021","{""pbj"":1,""salt"":1,""bancheese~s"":1,""doubletrouble"":1}",1
"Apr 17, 2021","{""doubletrouble"":2,""triplec"":1,""sexyback"":1,""mamaog"":1}",1
"Apr 17, 2021","{""mayong~s"":1}",1
"Apr 17, 2021","{""cupc"":1,""deathchoc"":1}",1
"Apr 17, 2021","{""banog~s"":1,""bannutella~s"":1,""mayong~s"":1,""banultimate~s"":1}",1
"Apr 17, 2021","{""cupc"":1,""salt"":1}",1
"Apr 17, 2021","{""cornflakes"":2,""bae"":3,""redbrownie"":3,""fudge"":3}",1
"Apr 17, 2021","{""pbj"":1}",4
"Apr 17, 2021","{""redvelvet"":1,""matcha"":1}",1
"Apr 17, 2021","{""triplec"":1,""doubletrouble"":1,""sexyback"":1}",1
"Apr 17, 2021","{""redvelvet"":2}",1
"Apr 17, 2021","{""deathchoc"":1,""doubletrouble"":1,""fudge"":1}",1
"Apr 17, 2021","{""deathchoc"":1}",3
"Apr 17, 2021","{""pbj"":1,""mayong~s"":1}",1
"Apr 17, 2021","{""hella"":1,""mamaog"":1,""doubletrouble"":1}",1
"Apr 17, 2021","{""sexyback"":2,""doubletrouble"":1,""bae"":1,""redbrownie"":1,""fudge"":1}",1
"Apr 17, 2021","{""doubletrouble"":1}",1
"Apr 17, 2021","{""salt"":1,""redvelvet"":1,""sexyback"":1,""cornflakes"":1}",1
"Apr 17, 2021","{""cupc"":1,""pbj"":1}",1
"Apr 17, 2021","{""mamaog"":1,""babyog"":1}",2
"Apr 17, 2021","{""babyog"":2,""claus"":1,""sexyback"":3,""cupc"":1}",1
"Apr 17, 2021","{""matcha"":2,""sexyback"":2}",1
"Apr 17, 2021","{""mamaog"":1}",1
"Apr 17, 2021","{""doubletrouble"":1,""cornflakes"":1}",1
"Apr 17, 2021","{""pbj"":1,""deathchoc"":1,""sexyback"":1}",1
"Apr 17, 2021","{""pbj"":1,""redvelvet"":1}",1
"Apr 17, 2021","{""banultimate~s"":1,""banog~s"":1}",1
"Apr 17, 2021","{""mayong~s"":1,""bancheese~s"":1}",1
"Apr 17, 2021","{""hella"":1}",3
"Apr 17, 2021","{""hella"":2}",1
"Apr 17, 2021","{""cornflakes"":1,""babyog"":1}",1
"Apr 17, 2021","{""redvelvet"":1,""hella"":1}",1
"Apr 17, 2021","{""sexyback"":1,""matcha"":1}",1
"Apr 17, 2021","{""sexyback"":4,""triplec"":1}",1
"Apr 17, 2021","{""doubletrouble"":1,""matcha"":1}",1
"Apr 17, 2021","{""sexyback"":2}",1
"Apr 17, 2021","{""redvelvet"":1}",1
"Apr 17, 2021","{""mamaog"":1,""doubletrouble"":1,""babyog"":1,""triplec"":1,""matcha"":1}",1
"Apr 17, 2021","{""mayong~s"":3}",1
"Apr 17, 2021","{""banog~s"":1,""cornflakes"":1,""babyog"":1}",1
"Apr 17, 2021","{""mayong~s"":1,""bannuts~s"":1,""mamaog"":1,""sexyback"":1}",1
"Apr 17, 2021","{""cupc"":1}",1
"Apr 17, 2021","{""bannutella~s"":1,""fudge"":3,""redbrownie"":1}",1
"Apr 17, 2021","{""bannutella~s"":1,""banultimate~s"":1}",1
"Apr 17, 2021","{""bancheese~s"":1,""mayong~s"":1,""sexyback"":1,""fudge"":1}",1
"Apr 17, 2021","{""sexyback"":1,""babyog"":1}",1
"Apr 17, 2021","{""triplec"":1}",1
"Apr 17, 2021","{""sexyback"":1,""hella"":1}",1
"Apr 17, 2021","{""mayong~s"":1,""banultimate~s"":1}",1
"Apr 17, 2021","{""doubletrouble"":1,""mamaog"":1}",2
"Apr 17, 2021","{""cupc"":1,""sexyback"":1}",1
"Apr 17, 2021","{""cupc"":1,""bae"":3,""redbrownie"":3,""fudge"":3}",1
"Apr 17, 2021","{""mamaog"":1,""doubletrouble"":1,""matcha"":1}",1
"Apr 17, 2021","{""bannutella~s"":1,""doubletrouble"":1}",1
"Apr 17, 2021","{""cupc"":1,""pbj"":1,""hella"":1,""bae"":1,""fudge"":1}",1
"Apr 17, 2021","{""bae"":3,""redbrownie"":3,""fudge"":3}",2
"Apr 17, 2021","{""hella"":1,""salt"":1}",1
"Apr 16, 2021","{""deathchoc"":1,""hella"":1,""salt"":1}",1
"Apr 16, 2021","{""mamaog"":1,""babyog"":1,""sexyback"":1}",1
"Apr 16, 2021","{""bae"":1,""fudge"":1,""mayong~s"":1,""bannutella~s"":1}",1
"Apr 16, 2021","{""bancheese~s"":1,""babyog"":1}",1
"Apr 16, 2021","{""hella"":1}",2
"Apr 16, 2021","{""sexyback"":3}",1
"Apr 16, 2021","{""mayong~s"":1,""doubletrouble"":1}",1
"Apr 16, 2021","{""redvelvet"":1,""doubletrouble"":1}",1
"Apr 16, 2021","{""mamaog"":1,""sexyback"":1}",1
"Apr 16, 2021","{""bae"":3,""redbrownie"":3,""fudge"":3,""cupc"":1,""pbj"":1}",1
"Apr 16, 2021","{""redvelvet"":1}",3
"Apr 16, 2021","{""bannutella~s"":1,""matcha"":1}",1
"Apr 16, 2021","{""pistachio"":2,""triplec"":2,""doubletrouble"":2}",1
"Apr 16, 2021","{""fudge"":5,""bae"":4}",1
"Apr 16, 2021","{""mamaog"":1}",3
"Apr 16, 2021","{""mamaog"":1,""doubletrouble"":1,""triplec"":1}",1
"Apr 16, 2021","{""cupc"":1,""mamaog"":1}",1
"Apr 16, 2021","{""cupc"":1}",4
"Apr 16, 2021","{""sexyback"":1,""matcha"":1,""babyog"":1}",1
"Apr 16, 2021","{""bae"":3,""redbrownie"":3,""fudge"":3}",1
"Apr 16, 2021","{""bae"":1,""redbrownie"":1,""fudge"":1,""sexyback"":1}",1
"Apr 16, 2021","{""cupc"":1,""pbj"":1}",1
"Apr 16, 2021","{""fudge"":5,""bae"":2,""redbrownie"":2,""cornflakes"":1,""pistachio"":2,""cupc"":1,""deathchoc"":1}",1
"Apr 16, 2021","{""deathchoc"":1}",1
"Apr 16, 2021","{""fudge"":1,""bae"":1,""salt"":1}",1
"Apr 16, 2021","{""pbj"":1,""doubletrouble"":1}",1
"Apr 16, 2021","{""bannutella~s"":1,""bae"":3,""redbrownie"":3,""fudge"":3}",1
"Apr 16, 2021","{""hella"":1,""salt"":1,""cupc"":1}",1
"Apr 16, 2021","{""salt"":1}",4
"Apr 16, 2021","{""cornflakes"":2}",1
"Apr 16, 2021","{""pbj"":1}",1
"Apr 16, 2021","{""sexyback"":1}",2
"Apr 16, 2021","{""bancheese~s"":1,""banultimate~s"":1}",1
"Apr 16, 2021","{""pbj"":1,""hella"":1,""sexyback"":1,""babyog"":1}",1
"Apr 16, 2021","{""matcha"":2}",1
"Apr 16, 2021","{""cornflakes"":1,""babyog"":1}",1
"Apr 16, 2021","{""sexyback"":2,""doubletrouble"":1,""pistachio"":1,""redvelvet"":1,""mayong~s"":1,""bancheese~s"":1,""hella"":1}",1
"Apr 16, 2021","{""cornflakes"":4,""doubletrouble"":3,""matcha"":3,""sexyback"":1,""mamaog"":1,""salt"":1}",1
"Apr 16, 2021","{""redvelvet"":1,""matcha"":1,""triplec"":1}",1
"Apr 16, 2021","{""redbrownie"":1,""bae"":1,""cupc"":1,""deathchoc"":1}",1
"Apr 16, 2021","{""babyog"":1,""cornflakes"":1}",1
"Apr 16, 2021","{""bancheese~s"":1,""banog~s"":1}",1
"Apr 16, 2021","{""mamaog"":1,""matcha"":1,""doubletrouble"":1,""sexyback"":1,""cornflakes"":1}",1
"Apr 16, 2021","{""sexyback"":1,""salt"":1}",1
"Apr 15, 2021","{""pbj"":2}",1
"Apr 15, 2021","{""deathchoc"":1,""salt"":1}",1
"Apr 15, 2021","{""triplec"":3,""matcha"":3,""cornflakes"":3,""doubletrouble"":3}",1
"Apr 15, 2021","{""salt"":1}",1
"Apr 15, 2021","{""salt"":1,""redvelvet"":1,""deathchoc"":1,""mayong~s"":1}",1
"Apr 15, 2021","{""sexyback"":1}",2
"Apr 15, 2021","{""sexyback"":1,""redbrownie"":1,""bae"":1}",1
"Apr 15, 2021","{""mamaog"":1}",1
"Apr 15, 2021","{""fudge"":1}",1
"Apr 15, 2021","{""bae"":1,""fudge"":1}",1
"Apr 15, 2021","{""doubletrouble"":1,""triplec"":1,""mamaog"":1,""matcha"":1,""sexyback"":1,""mayong~s"":1}",1
"Apr 15, 2021","{""sexyback"":1,""claus"":1}",1
"Apr 15, 2021","{""salt"":1,""cupc"":1}",1
"Apr 15, 2021","{""redbrownie"":4,""bae"":5}",1
"Apr 15, 2021","{""doubletrouble"":2,""triplec"":2}",1
"Apr 15, 2021","{""babyog"":2}",1
"Apr 15, 2021","{""pbj"":1}",1
"Apr 15, 2021","{""sexyback"":1,""babyog"":1}",1
"Apr 15, 2021","{""cupc"":1,""deathchoc"":1,""banog~s"":1,""bannutella~s"":1}",1
"Apr 15, 2021","{""mamaog"":1,""sexyback"":1,""hella"":1}",1
"Apr 15, 2021","{""bannutella~s"":1,""banultimate~s"":1}",1
"Apr 15, 2021","{""bae"":1}",1
"Apr 15, 2021","{""matcha"":5,""doubletrouble"":4,""sexyback"":2,""pistachio"":1}",1
"Apr 15, 2021","{""deathchoc"":1,""sexyback"":1,""pistachio"":1}",1
"Apr 15, 2021","{""hella"":2}",1
"Apr 15, 2021","{""cupc"":1}",1
"Apr 15, 2021","{""matcha"":1,""sexyback"":1}",1
"Apr 15, 2021","{""doubletrouble"":1,""pistachio"":1}",1
"Apr 15, 2021","{""bae"":3,""redbrownie"":3,""fudge"":3}",1
"Apr 15, 2021","{""mamaog"":1,""babyog"":1,""sexyback"":1,""fudge"":3,""bae"":3,""redbrownie"":3}",1
"Apr 15, 2021","{""cupc"":1,""banultimate~s"":1,""banog~s"":1,""redvelvet"":1,""triplec"":1,""cornflakes"":1}",1
"Apr 15, 2021","{""mamaog"":2,""triplec"":1,""doubletrouble"":1,""sexyback"":1}",1
"Apr 15, 2021","{""bae"":4,""fudge"":5}",1
"Apr 15, 2021","{""cornflakes"":5,""sexyback"":3,""mamaog"":2,""claus"":2}",1
"Apr 15, 2021","{""hella"":1}",3
"Apr 15, 2021","{""pbj"":1,""cupc"":1,""hella"":1}",1
"Apr 15, 2021","{""cupc"":1,""mamaog"":2,""sexyback"":2}",1
"Apr 15, 2021","{""mamaog"":1,""doubletrouble"":1}",1
"Apr 15, 2021","{""doubletrouble"":1}",2
"Apr 15, 2021","{""cornflakes"":4,""matcha"":1,""mayong~s"":1,""salt"":1}",1
"Apr 15, 2021","{""pbj"":1,""cupc"":1}",1
"Apr 15, 2021","{""cupc"":1,""mamaog"":1,""sexyback"":1}",1
"Apr 15, 2021","{""deathchoc"":1,""cupc"":1}",1
"Apr 15, 2021","{""redvelvet"":1,""mamaog"":1}",1
"Apr 15, 2021","{""pbj"":1,""cupc"":1,""redvelvet"":1}",1
"Apr 15, 2021","{""mamaog"":1,""sexyback"":1}",1
"Apr 14, 2021","{""redvelvet"":1,""cupc"":1,""pbj"":1,""mayong~s"":1}",1
"Apr 14, 2021","{""mamaog"":1}",3
"Apr 14, 2021","{""pbj"":1}",3
"Apr 14, 2021","{""doubletrouble"":1,""matcha"":2,""mamaog"":1,""sexyback"":1}",1
"Apr 14, 2021","{""redvelvet"":1}",2
"Apr 14, 2021","{""babyog"":2,""triplec"":2,""sexyback"":1}",1
"Apr 14, 2021","{""doubletrouble"":3}",1
"Apr 14, 2021","{""matcha"":1}",1
"Apr 14, 2021","{""mayong~s"":1,""bannuts~s"":1,""bae"":1,""redbrownie"":1,""fudge"":1}",1
"Apr 14, 2021","{""mayong~s"":1}",2
"Apr 14, 2021","{""deathchoc"":1,""mamaog"":1,""sexyback"":1}",1
"Apr 14, 2021","{""hella"":1,""deathchoc"":1}",1
"Apr 14, 2021","{""deathchoc"":1,""cupc"":1,""salt"":1}",1
"Apr 14, 2021","{""deathchoc"":1}",2
"Apr 14, 2021","{""cupc"":1,""deathchoc"":1,""salt"":1,""mamaog"":1,""doubletrouble"":1}",1
"Apr 14, 2021","{""bannuts~s"":1,""sexyback"":1,""babyog"":1}",1
"Apr 14, 2021","{""deathchoc"":2,""redvelvet"":1}",1
"Apr 14, 2021","{""redvelvet"":1,""mamaog"":1,""matcha"":1}",1
"Apr 14, 2021","{""mamaog"":1,""matcha"":1}",1
"Apr 14, 2021","{""redvelvet"":1,""pbj"":1}",1
"Apr 14, 2021","{""hella"":1,""cupc"":1}",1
"Apr 14, 2021","{""bannutella~s"":2,""fudge"":5,""bae"":4}",1
"Apr 14, 2021","{""salt"":1,""doubletrouble"":1}",1
"Apr 14, 2021","{""babyog"":1}",1
"Apr 14, 2021","{""triplec"":1,""cornflakes"":1}",1
"Apr 14, 2021","{""bancheese~s"":1}",2
"Apr 14, 2021","{""hella"":1,""babyog"":1,""sexyback"":1,""mamaog"":1,""doubletrouble"":2}",1
"Apr 14, 2021","{""deathchoc"":1,""cupc"":1,""banultimate~s"":1}",1
"Apr 14, 2021","{""fudge"":3}",1
"Apr 14, 2021","{""cupc"":1,""hella"":1}",1
"Apr 14, 2021","{""sexyback"":1,""triplec"":1}",1
"Apr 14, 2021","{""banultimate~s"":1,""hella"":1}",1
"Apr 14, 2021","{""triplec"":1,""matcha"":1}",1
"Apr 14, 2021","{""cupc"":1}",1
"Apr 14, 2021","{""cupc"":1,""pbj"":1}",2
"Apr 14, 2021","{""claus"":3,""sexyback"":1,""pistachio"":1}",1
"Apr 14, 2021","{""deathchoc"":1,""mamaog"":1}",1
"Apr 14, 2021","{""bae"":3,""redbrownie"":3,""fudge"":3}",1
"Apr 14, 2021","{""doubletrouble"":1}",1
"Apr 14, 2021","{""sexyback"":4,""triplec"":1}",1
"Apr 14, 2021","{""salt"":1,""claus"":1}",1
"Apr 14, 2021","{""mamaog"":5,""matcha"":4,""sexyback"":1,""doubletrouble"":2}",1
"Apr 14, 2021","{""babyog"":1,""mamaog"":1,""sexyback"":1,""triplec"":1,""doubletrouble"":1,""redvelvet"":1}",1
"Apr 14, 2021","{""doubletrouble"":2}",1
"Apr 14, 2021","{""hella"":1}",3
"Apr 14, 2021","{""salt"":1,""cupc"":1,""mayong~s"":1}",1
"Apr 14, 2021","{""banultimate~s"":1,""pbj"":1}",1
"Apr 14, 2021","{""sexyback"":2}",2
"Apr 14, 2021","{""doubletrouble"":2,""mamaog"":1,""cornflakes"":1,""triplec"":1}",1
"Apr 14, 2021","{""salt"":1}",1
"Apr 14, 2021","{""mamaog"":1,""cornflakes"":2,""claus"":2}",1
"Apr 14, 2021","{""bannutella~s"":1,""pbj"":1}",1
"Apr 14, 2021","{""mamaog"":1,""sexyback"":1}",1
"Apr 14, 2021","{""sexyback"":1}",1
"Apr 14, 2021","{""mamaog"":2,""babyog"":2,""cornflakes"":1,""hella"":1,""salt"":1}",1
"Apr 14, 2021","{""redbrownie"":1}",1
"Apr 14, 2021","{""bancheese~s"":1,""hella"":1,""cornflakes"":1}",1
"Apr 14, 2021","{""doubletrouble"":1,""sexyback"":1,""mamaog"":1}",1
"Apr 13, 2021","{""salt"":1}",1
"Apr 13, 2021","{""mamaog"":1,""doubletrouble"":1,""matcha"":1,""babyog"":1,""sexyback"":1}",1
"Apr 13, 2021","{""doubletrouble"":1,""bancheese~s"":1,""banultimate~s"":1}",1
"Apr 13, 2021","{""cupc"":1,""sexyback"":1}",1
"Apr 13, 2021","{""mamaog"":1,""sexyback"":1}",1
"Apr 13, 2021","{""matcha"":2}",1
"Apr 13, 2021","{""cornflakes"":1}",1
"Apr 13, 2021","{""hella"":2}",1
"Apr 13, 2021","{""babyog"":2,""mayong~s"":1,""banog~s"":1}",1
"Apr 13, 2021","{""redvelvet"":1}",1
"Apr 13, 2021","{""doubletrouble"":1,""mamaog"":1,""hella"":1}",1
"Apr 13, 2021","{""hella"":1,""cupc"":1,""salt"":1}",1
"Apr 13, 2021","{""mamaog"":1}",4
"Apr 13, 2021","{""cornflakes"":1,""sexyback"":1}",1
"Apr 13, 2021","{""deathchoc"":1,""cupc"":1}",1
"Apr 13, 2021","{""babyog"":1,""matcha"":1}",1
"Apr 13, 2021","{""mayong~s"":1,""cupc"":1}",1
"Apr 13, 2021","{""cornflakes"":2,""claus"":1,""pistachio"":1,""triplec"":1}",1
"Apr 13, 2021","{""bae"":4,""fudge"":4,""redbrownie"":1}",1
"Apr 13, 2021","{""cupc"":1,""hella"":1,""pbj"":1}",1
"Apr 13, 2021","{""doubletrouble"":2,""mamaog"":3,""mayong~s"":1}",1
"Apr 13, 2021","{""cupc"":1,""hella"":1}",1
"Apr 13, 2021","{""cupc"":1,""salt"":1}",1
"Apr 13, 2021","{""matcha"":1,""sexyback"":1}",1
"Apr 13, 2021","{""bae"":3,""redbrownie"":3,""fudge"":3}",1
"Apr 13, 2021","{""babyog"":1}",2
"Apr 13, 2021","{""cupc"":1}",2
"Apr 13, 2021","{""pbj"":1,""babyog"":1}",1
"Apr 13, 2021","{""mayong~s"":1,""pistachio"":1}",1
"Apr 13, 2021","{""babyog"":2,""claus"":1,""sexyback"":1,""cornflakes"":1}",1
"Apr 13, 2021","{""doubletrouble"":1,""triplec"":1}",1
"Apr 13, 2021","{""hella"":1}",3
"Apr 13, 2021","{""hella"":1,""pbj"":1,""mamaog"":1}",1
"Apr 13, 2021","{""pbj"":1}",2
"Apr 13, 2021","{""mamaog"":2,""matcha"":5,""cornflakes"":2,""sexyback"":1,""doubletrouble"":2}",1
"Apr 13, 2021","{""cupc"":1,""deathchoc"":1,""doubletrouble"":1}",1
"Apr 13, 2021","{""mamaog"":2,""doubletrouble"":2,""triplec"":1}",1
"Apr 13, 2021","{""doubletrouble"":1,""matcha"":1}",1
"Apr 13, 2021","{""mayong~s"":2,""deathchoc"":1,""pbj"":1,""salt"":1,""redvelvet"":1,""fudge"":3,""bae"":3,""redbrownie"":3,""babyog"":1,""claus"":1,""matcha"":1,""doubletrouble"":1,""sexyback"":1}",1
"Apr 13, 2021","{""sexyback"":1}",2
"Apr 12, 2021","{""pbj"":1,""mayong~s"":1}",1
"Apr 12, 2021","{""cornflakes"":3,""sexyback"":2,""bannuts~s"":1}",1
"Apr 12, 2021","{""sexyback"":1,""doubletrouble"":1,""pistachio"":1}",1
"Apr 12, 2021","{""sexyback"":1,""matcha"":1}",1
"Apr 12, 2021","{""pbj"":1}",1
"Apr 12, 2021","{""redvelvet"":1,""salt"":1}",1
"Apr 12, 2021","{""mamaog"":4,""sexyback"":1}",1
"Apr 12, 2021","{""salt"":1,""sexyback"":1}",1
"Apr 12, 2021","{""redvelvet"":1}",1
"Apr 12, 2021","{""mamaog"":1,""doubletrouble"":1}",1
"Apr 12, 2021","{""bae"":1}",1
"Apr 12, 2021","{""fudge"":5,""bae"":4,""pistachio"":1}",1
"Apr 12, 2021","{""salt"":1,""matcha"":1}",1
"Apr 12, 2021","{""hella"":1}",1
"Apr 12, 2021","{""bannutella~s"":1,""deathchoc"":1,""cupc"":1}",1
"Apr 12, 2021","{""sexyback"":1,""doubletrouble"":2,""cornflakes"":1,""claus"":1}",1
"Apr 12, 2021","{""redvelvet"":1,""salt"":1,""pbj"":1,""cupc"":1}",1
"Apr 12, 2021","{""mamaog"":1,""babyog"":1,""sexyback"":1}",1
"Apr 12, 2021","{""sexyback"":2,""matcha"":1,""babyog"":1,""mamaog"":1}",1
"Apr 12, 2021","{""mamaog"":3,""babyog"":3,""doubletrouble"":2,""sexyback"":2,""triplec"":2}",1
"Apr 12, 2021","{""sexyback"":1,""doubletrouble"":1}",1
"Apr 12, 2021","{""fudge"":9}",1
"Apr 12, 2021","{""sexyback"":1}",2
"Apr 12, 2021","{""mamaog"":3,""doubletrouble"":2,""sexyback"":1}",1
"Apr 12, 2021","{""redvelvet"":1,""banultimate~s"":1}",1
"Apr 12, 2021","{""triplec"":1,""matcha"":1,""banultimate~s"":1}",1
"Apr 12, 2021","{""hella"":1,""sexyback"":1}",1
"Apr 12, 2021","{""salt"":1}",1
"Apr 12, 2021","{""matcha"":1,""pistachio"":1}",1
"Apr 12, 2021","{""deathchoc"":1}",1
"Apr 12, 2021","{""fudge"":3,""redbrownie"":8,""bae"":7,""mayong~s"":2}",1
"Apr 12, 2021","{""mayong~s"":1,""pbj"":1,""pistachio"":1}",1
"Apr 12, 2021","{""mayong~s"":1}",1
"Apr 12, 2021","{""mamaog"":1,""babyog"":1,""fudge"":2,""redbrownie"":1}",1
"Apr 12, 2021","{""sexyback"":2,""mamaog"":2,""matcha"":1,""doubletrouble"":1,""triplec"":1}",1
"Apr 12, 2021","{""hella"":1,""mayong~s"":1}",1
"Apr 12, 2021","{""claus"":1,""sexyback"":1}",1
"Apr 12, 2021","{""sexyback"":1,""cupc"":1}",2
"Apr 12, 2021","{""cornflakes"":2,""sexyback"":4,""babyog"":2,""triplec"":2,""doubletrouble"":2}",1
"Apr 12, 2021","{""sexyback"":1,""triplec"":1,""bae"":3,""redbrownie"":3,""fudge"":3,""redvelvet"":1,""salt"":1,""hella"":1,""cupc"":1,""deathchoc"":1,""pbj"":1}",1
"Apr 12, 2021","{""mamaog"":1}",1
"Apr 12, 2021","{""hella"":1,""banultimate~s"":1,""banog~s"":1}",1
"Apr 12, 2021","{""matcha"":1,""babyog"":1}",1
"Apr 12, 2021","{""mamaog"":2}",1
"Apr 12, 2021","{""cupc"":1,""bannuts~s"":1,""claus"":1}",1
"Apr 12, 2021","{""fudge"":1,""bae"":1,""redbrownie"":1,""banog~s"":1,""banultimate~s"":1}",1
"Apr 12, 2021","{""deathchoc"":1,""pbj"":1,""mamaog"":1,""pistachio"":1}",1
"Apr 12, 2021","{""cupc"":1}",3
"Apr 12, 2021","{""cornflakes"":2,""babyog"":2,""sexyback"":2,""pistachio"":2,""claus"":1,""matcha"":1,""triplec"":1,""doubletrouble"":1}",1
"Apr 12, 2021","{""hella"":1,""mamaog"":2}",1
"Apr 12, 2021","{""pbj"":1,""hella"":1,""cornflakes"":1}",1
"Apr 11, 2021","{""claus"":2}",1
"Apr 11, 2021","{""mamaog"":1}",3
"Apr 11, 2021","{""salt"":1,""pbj"":1,""matcha"":1,""doubletrouble"":1,""sexyback"":1,""mamaog"":1,""claus"":1}",1
"Apr 11, 2021","{""sexyback"":1}",1
"Apr 11, 2021","{""fudge"":2,""redvelvet"":1,""deathchoc"":1}",1
"Apr 11, 2021","{""redbrownie"":3,""fudge"":2,""bae"":1}",1
"Apr 11, 2021","{""matcha"":1}",1
"Apr 11, 2021","{""mayong~s"":1,""pbj"":1,""redvelvet"":1}",1
"Apr 11, 2021","{""bancheese~s"":1,""redvelvet"":1}",1
"Apr 11, 2021","{""cupc"":1,""fudge"":1}",1
"Apr 11, 2021","{""doubletrouble"":1,""mamaog"":1}",1
"Apr 11, 2021","{""hella"":1}",2
"Apr 11, 2021","{""mamaog"":1,""babyog"":1,""mayong~s"":1}",1
"Apr 11, 2021","{""cupc"":1,""pbj"":1}",1
"Apr 11, 2021","{""mayong~s"":1}",2
"Apr 11, 2021","{""matcha"":1,""mamaog"":2,""sexyback"":1,""cornflakes"":1}",1
"Apr 11, 2021","{""sexyback"":3}",1
"Apr 11, 2021","{""cupc"":2,""sexyback"":2,""cornflakes"":1}",1
"Apr 11, 2021","{""babyog"":1,""sexyback"":1,""mamaog"":1,""cornflakes"":1,""triplec"":1}",1
"Apr 11, 2021","{""hella"":1,""pbj"":1,""cupc"":1,""fudge"":3}",1
"Apr 11, 2021","{""salt"":1,""redvelvet"":1}",1
"Apr 11, 2021","{""pbj"":1}",3
"Apr 11, 2021","{""matcha"":1,""cornflakes"":1}",1
"Apr 11, 2021","{""matcha"":1,""sexyback"":1}",1
"Apr 11, 2021","{""hella"":1,""cupc"":1,""matcha"":1,""mamaog"":2,""sexyback"":1,""babyog"":1,""bae"":3,""redbrownie"":3,""fudge"":3}",1
"Apr 11, 2021","{""pbj"":1,""cupc"":1}",1
"Apr 11, 2021","{""mayong~s"":1,""banultimate~s"":1}",1
"Apr 11, 2021","{""mamaog"":1,""sexyback"":2,""babyog"":1,""claus"":1}",1
"Apr 11, 2021","{""triplec"":1}",1
"Apr 11, 2021","{""cupc"":1}",2
"Apr 11, 2021","{""banog~s"":1}",1
"Apr 11, 2021","{""fudge"":1,""mamaog"":1}",3
"Apr 11, 2021","{""deathchoc"":1,""matcha"":1}",1
"Apr 11, 2021","{""cornflakes"":1,""fudge"":3,""redbrownie"":3,""bae"":3,""hella"":1,""bannutella~s"":1}",1
"Apr 11, 2021","{""doubletrouble"":1}",2
"Apr 11, 2021","{""pbj"":1,""hella"":1,""redvelvet"":1}",1
"Apr 11, 2021","{""redvelvet"":1}",1
"Apr 11, 2021","{""banultimate~s"":1}",1
"Apr 11, 2021","{""pbj"":1,""hella"":1,""cupc"":1,""bae"":9}",1
"Apr 11, 2021","{""cupc"":1,""mamaog"":2,""sexyback"":2,""babyog"":2}",1
"Apr 11, 2021","{""bae"":1,""redbrownie"":1,""fudge"":1}",1
"Apr 11, 2021","{""deathchoc"":1,""cupc"":1}",1
"Apr 10, 2021","{""pbj"":1}",2
"Apr 10, 2021","{""babyog"":1,""matcha"":1}",1
"Apr 10, 2021","{""fudge"":2,""redvelvet"":1,""mayong~s"":1}",1
"Apr 10, 2021","{""bancheese~s"":1}",1
"Apr 10, 2021","{""doubletrouble"":2}",1
"Apr 10, 2021","{""hella"":1}",3
"Apr 10, 2021","{""mamaog"":1,""babyog"":1,""doubletrouble"":2,""matcha"":1}",1
"Apr 10, 2021","{""deathchoc"":1,""mayong~s"":1}",1
"Apr 10, 2021","{""triplec"":1,""doubletrouble"":1}",1
"Apr 10, 2021","{""cupc"":1}",1
"Apr 10, 2021","{""doubletrouble"":1}",1
"Apr 10, 2021","{""babyog"":1,""sexyback"":1}",1
"Apr 10, 2021","{""babyog"":1,""cupc"":1}",1
"Apr 10, 2021","{""hella"":1,""salt"":1}",1
"Apr 10, 2021","{""bae"":3,""fudge"":3,""redbrownie"":3,""pbj"":1}",1
"Apr 10, 2021","{""sexyback"":1,""matcha"":2,""cornflakes"":2}",1
"Apr 10, 2021","{""bancheese~s"":1,""bae"":3,""redbrownie"":3,""fudge"":3}",1
"Apr 10, 2021","{""bannutella~s"":1,""hella"":1}",1
"Apr 10, 2021","{""cupc"":1,""salt"":1,""fudge"":1,""mamaog"":1,""sexyback"":1}",1
"Apr 10, 2021","{""doubletrouble"":1,""matcha"":1,""cornflakes"":1,""sexyback"":2,""mamaog"":1}",1
"Apr 10, 2021","{""mayong~s"":1}",1
"Apr 10, 2021","{""mamaog"":5,""doubletrouble"":1,""triplec"":3,""cornflakes"":3}",1
"Apr 10, 2021","{""mamaog"":1,""doubletrouble"":1}",1
"Apr 10, 2021","{""cupc"":1,""deathchoc"":1}",1
"Apr 10, 2021","{""sexyback"":1,""matcha"":1,""doubletrouble"":1}",1
"Apr 10, 2021","{""cornflakes"":1,""doubletrouble"":1}",1
"Apr 10, 2021","{""cornflakes"":1}",1
"Apr 10, 2021","{""bancheese~s"":1,""fudge"":5,""redbrownie"":4,""matcha"":1}",1
"Apr 10, 2021","{""banultimate~s"":1}",3
"Apr 10, 2021","{""hella"":1,""salt"":1,""mamaog"":1,""cornflakes"":1}",1
"Apr 10, 2021","{""cupc"":1,""doubletrouble"":1,""claus"":1,""sexyback"":1}",1
"Apr 10, 2021","{""claus"":1,""doubletrouble"":1}",1
"Apr 10, 2021","{""sexyback"":1}",1
"Apr 10, 2021","{""salt"":1}",1
"Apr 10, 2021","{""bancheese~s"":1,""banultimate~s"":1,""cupc"":1}",1
"Apr 10, 2021","{""bancheese~s"":1,""bannutella~s"":1,""mayong~s"":1,""doubletrouble"":2,""claus"":2,""pistachio"":1}",1
"Apr 10, 2021","{""cupc"":2}",1
"Apr 10, 2021","{""pbj"":1,""hella"":1,""mayong~s"":1,""redvelvet"":1}",1
"Apr 10, 2021","{""bae"":6,""redbrownie"":6,""fudge"":6}",1
"Apr 10, 2021","{""redvelvet"":1,""bancheese~s"":1,""banultimate~s"":1}",1
"Apr 10, 2021","{""pbj"":1,""mamaog"":1,""sexyback"":1}",1
"Apr 10, 2021","{""mamaog"":3,""sexyback"":3,""triplec"":1,""pistachio"":2,""doubletrouble"":2,""matcha"":1}",1
"Apr 10, 2021","{""bannutella~s"":1,""cornflakes"":1,""sexyback"":1,""cupc"":1,""redvelvet"":1,""pbj"":1}",1
"Apr 10, 2021","{""deathchoc"":1,""cupc"":1,""salt"":1}",1
"Apr 10, 2021","{""salt"":1,""banog~s"":1,""bannutella~s"":2}",1
"Apr 10, 2021","{""redbrownie"":1,""doubletrouble"":1}",1
"Apr 10, 2021","{""bancheese~s"":1,""banultimate~s"":1,""deathchoc"":1}",1
"Apr 10, 2021","{""deathchoc"":1}",2
"Apr 10, 2021","{""sexyback"":4,""mamaog"":2,""matcha"":2,""cornflakes"":2,""triplec"":1,""babyog"":1}",1
"Apr 10, 2021","{""banog~s"":1}",1
"Apr 10, 2021","{""mamaog"":1,""sexyback"":1}",1
"Apr 10, 2021","{""redvelvet"":1}",2
"Apr 10, 2021","{""banultimate~s"":1,""cupc"":1}",1
"Apr 10, 2021","{""cupc"":1,""bannuts~s"":1}",1
"Apr 10, 2021","{""pbj"":1,""deathchoc"":1,""salt"":1,""mamaog"":3,""babyog"":2,""sexyback"":2,""triplec"":3,""doubletrouble"":1,""cornflakes"":1}",1
"Apr 10, 2021","{""pbj"":1,""hella"":1,""sexyback"":1,""matcha"":1}",1
"Apr 10, 2021","{""hella"":1,""deathchoc"":1,""fudge"":1}",1
"Apr 10, 2021","{""doubletrouble"":1,""cornflakes"":1,""sexyback"":1}",1
"Apr 10, 2021","{""mayong~s"":1,""bannuts~s"":1,""deathchoc"":1,""redvelvet"":1}",1
"Apr 10, 2021","{""claus"":1,""pistachio"":1,""triplec"":1,""doubletrouble"":1,""mamaog"":1}",1
"Apr 10, 2021","{""mamaog"":2,""babyog"":1,""claus"":1,""sexyback"":1}",1
"Apr 10, 2021","{""pbj"":1,""bancheese~s"":1}",1
"Apr 10, 2021","{""cupc"":1,""babyog"":1}",1
"Apr 10, 2021","{""mamaog"":1}",3
"Apr 10, 2021","{""triplec"":1}",1
"Apr 10, 2021","{""sexyback"":3,""matcha"":1}",1
"Apr 10, 2021","{""pistachio"":1,""bae"":3,""fudge"":3,""redbrownie"":3}",1
"Apr 10, 2021","{""banultimate~s"":1,""mayong~s"":1}",1
"Apr 10, 2021","{""redbrownie"":3}",1
"Apr 9, 2021","{""salt"":1}",1
"Apr 9, 2021","{""sexyback"":1}",1
"Apr 9, 2021","{""babyog"":2,""sexyback"":1,""mamaog"":1,""doubletrouble"":1}",1
"Apr 9, 2021","{""redbrownie"":1}",1
"Apr 9, 2021","{""deathchoc"":1,""sexyback"":1}",1
"Apr 9, 2021","{""mamaog"":1,""sexyback"":1}",1
"Apr 9, 2021","{""bae"":3,""redbrownie"":3,""fudge"":3,""doubletrouble"":2,""triplec"":4}",1
"Apr 9, 2021","{""mayong~s"":2,""mamaog"":1,""salt"":1}",1
"Apr 9, 2021","{""doubletrouble"":1,""mamaog"":2,""sexyback"":2,""claus"":1}",1
"Apr 9, 2021","{""claus"":1}",1
"Apr 9, 2021","{""sexyback"":2}",1
"Apr 9, 2021","{""salt"":1,""doubletrouble"":1}",1
"Apr 9, 2021","{""pbj"":1,""mamaog"":1,""sexyback"":1}",1
"Apr 9, 2021","{""doubletrouble"":1,""mamaog"":1}",1
"Apr 9, 2021","{""cupc"":1,""bancheese~s"":1}",1
"Apr 9, 2021","{""cupc"":1,""pbj"":1}",1
"Apr 9, 2021","{""sexyback"":1,""babyog"":1}",1
"Apr 9, 2021","{""cupc"":1,""hella"":1}",1
"Apr 9, 2021","{""doubletrouble"":1}",1
"Apr 9, 2021","{""cornflakes"":1,""sexyback"":1}",2
"Apr 9, 2021","{""bancheese~s"":1,""bannuts~s"":1,""hella"":1}",1
"Apr 9, 2021","{""salt"":1,""cornflakes"":1}",1
"Apr 9, 2021","{""pistachio"":1,""cupc"":1,""sexyback"":1}",1
"Apr 9, 2021","{""mamaog"":1,""doubletrouble"":1}",1
"Apr 9, 2021","{""cupc"":1,""deathchoc"":1}",1
"Apr 9, 2021","{""mamaog"":2,""deathchoc"":1}",1
"Apr 9, 2021","{""sexyback"":1,""claus"":1}",1
"Apr 9, 2021","{""sexyback"":1,""triplec"":1,""cornflakes"":1}",1
"Apr 9, 2021","{""babyog"":1}",1
"Apr 9, 2021","{""triplec"":1}",2
"Apr 9, 2021","{""mayong~s"":1}",2
"Apr 9, 2021","{""fudge"":5,""bae"":3,""redbrownie"":1,""cupc"":1}",1
"Apr 9, 2021","{""mayong~s"":1,""banultimate~s"":1}",1
"Apr 9, 2021","{""claus"":1,""pistachio"":1,""pbj"":1}",1
"Apr 9, 2021","{""hella"":1}",3
"Apr 9, 2021","{""claus"":3,""pistachio"":3}",1
"Apr 9, 2021","{""bae"":3,""redbrownie"":3,""fudge"":3}",2
"Apr 9, 2021","{""banultimate~s"":1,""babyog"":1}",1
"Apr 9, 2021","{""bae"":1,""redbrownie"":1}",1
"Apr 9, 2021","{""deathchoc"":1}",2
"Apr 9, 2021","{""cupc"":1}",4
"Apr 9, 2021","{""matcha"":1,""cornflakes"":1}",1
"Apr 9, 2021","{""mamaog"":1}",1
"Apr 9, 2021","{""babyog"":2,""mamaog"":2,""sexyback"":2,""doubletrouble"":1,""claus"":1,""triplec"":1,""pistachio"":1,""matcha"":1,""cornflakes"":1}",1
"Apr 9, 2021","{""pbj"":1}",2
"Apr 9, 2021","{""redvelvet"":1}",1
"Apr 8, 2021","{""redvelvet"":1,""cornflakes"":1}",1
"Apr 8, 2021","{""matcha"":1,""cornflakes"":1,""mamaog"":1}",1
"Apr 8, 2021","{""mamaog"":1,""doubletrouble"":1}",1
"Apr 8, 2021","{""babyog"":1,""sexyback"":1,""mamaog"":1,""triplec"":1,""doubletrouble"":1}",1
"Apr 8, 2021","{""fudge"":1}",1
"Apr 8, 2021","{""pbj"":1}",5
"Apr 8, 2021","{""matcha"":1,""sexyback"":1}",1
"Apr 8, 2021","{""babyog"":1,""mamaog"":1,""sexyback"":1}",1
"Apr 8, 2021","{""banultimate~s"":2}",1
"Apr 8, 2021","{""pbj"":1,""salt"":1,""redvelvet"":1}",1
"Apr 8, 2021","{""doubletrouble"":1}",2
"Apr 8, 2021","{""doubletrouble"":1,""matcha"":1}",1
"Apr 8, 2021","{""bancheese~s"":1}",2
"Apr 8, 2021","{""bae"":6,""redbrownie"":6,""fudge"":6,""matcha"":3,""doubletrouble"":4,""sexyback"":3,""mamaog"":2}",1
"Apr 8, 2021","{""pistachio"":1}",1
"Apr 8, 2021","{""hella"":1}",2
"Apr 8, 2021","{""bae"":3,""fudge"":3,""redbrownie"":3}",1
"Apr 8, 2021","{""claus"":1}",1
"Apr 8, 2021","{""bancheese~s"":1,""salt"":1,""redvelvet"":2}",1
"Apr 8, 2021","{""fudge"":1,""redbrownie"":1}",1
"Apr 8, 2021","{""bancheese~s"":1,""banog~s"":1,""cornflakes"":2}",1
"Apr 8, 2021","{""doubletrouble"":1,""babyog"":1}",1
"Apr 8, 2021","{""claus"":1,""deathchoc"":1}",1
"Apr 8, 2021","{""mayong~s"":2,""pbj"":2}",1
"Apr 8, 2021","{""pbj"":1,""hella"":1,""mamaog"":5,""sexyback"":2,""matcha"":1,""cornflakes"":1,""doubletrouble"":1,""claus"":1,""babyog"":1}",1
"Apr 8, 2021","{""sexyback"":1,""babyog"":1,""cornflakes"":1}",1
"Apr 8, 2021","{""cupc"":1}",3
"Apr 8, 2021","{""matcha"":1,""doubletrouble"":1,""sexyback"":3}",1
"Apr 8, 2021","{""hella"":1,""pistachio"":1}",1
"Apr 8, 2021","{""bancheese~s"":1,""banultimate~s"":1,""mamaog"":1}",1
"Apr 8, 2021","{""claus"":3}",1
"Apr 8, 2021","{""pistachio"":1,""babyog"":1}",1
"Apr 8, 2021","{""cupc"":1,""hella"":1,""mayong~s"":1}",1
"Apr 8, 2021","{""mamaog"":1}",2
"Apr 8, 2021","{""bae"":3,""redbrownie"":3,""fudge"":3}",1
"Apr 7, 2021","{""mamaog"":1,""babyog"":2,""sexyback"":2}",1
"Apr 7, 2021","{""babyog"":2}",1
"Apr 7, 2021","{""redvelvet"":1,""sexyback"":1}",1
"Apr 7, 2021","{""bae"":3,""fudge"":3,""redbrownie"":3}",1
"Apr 7, 2021","{""babyog"":1}",1
"Apr 7, 2021","{""sexyback"":1,""mamaog"":1,""triplec"":1}",1
"Apr 7, 2021","{""mamaog"":1}",1
"Apr 7, 2021","{""bancheese~s"":1}",1
"Apr 7, 2021","{""cupc"":1,""hella"":1}",1
"Apr 7, 2021","{""bae"":6,""redbrownie"":6,""fudge"":6}",1
"Apr 7, 2021","{""hella"":1,""bae"":5,""fudge"":4}",1
"Apr 7, 2021","{""bannutella~s"":1}",1
"Apr 7, 2021","{""pbj"":1,""salt"":1}",2
"Apr 7, 2021","{""pbj"":1}",5
"Apr 7, 2021","{""hella"":1,""pbj"":1,""salt"":1}",2
"Apr 7, 2021","{""doubletrouble"":1,""triplec"":1}",1
"Apr 7, 2021","{""deathchoc"":1,""mayong~s"":1}",1
"Apr 7, 2021","{""sexyback"":2}",2
"Apr 7, 2021","{""cupc"":1}",6
"Apr 7, 2021","{""redvelvet"":1,""mamaog"":1}",1
"Apr 7, 2021","{""salt"":1}",1
"Apr 7, 2021","{""pbj"":1,""hella"":2}",1
"Apr 7, 2021","{""mamaog"":1,""sexyback"":1,""fudge"":1}",1
"Apr 7, 2021","{""deathchoc"":1}",2
"Apr 7, 2021","{""hella"":1}",4
"Apr 7, 2021","{""cupc"":1,""pbj"":1}",1
"Apr 7, 2021","{""mamaog"":1,""babyog"":1,""sexyback"":1,""matcha"":1,""cornflakes"":1}",1
"Apr 7, 2021","{""mamaog"":1,""doubletrouble"":1}",1
"Apr 7, 2021","{""bae"":1}",1
"Apr 7, 2021","{""cupc"":1,""deathchoc"":1}",1
"Apr 7, 2021","{""deathchoc"":1,""cupc"":1}",1
"Apr 7, 2021","{""babyog"":1,""pistachio"":1,""matcha"":1,""cornflakes"":1}",1
"Apr 7, 2021","{""bae"":1,""fudge"":1,""sexyback"":2,""mamaog"":2,""cornflakes"":1}",1
"Apr 6, 2021","{""pbj"":1,""cupc"":1,""matcha"":1,""fudge"":2}",1
"Apr 6, 2021","{""pbj"":1,""cupc"":1}",1
"Apr 6, 2021","{""deathchoc"":1}",2
"Apr 6, 2021","{""claus"":1,""sexyback"":2,""mamaog"":1,""babyog"":1}",1
"Apr 6, 2021","{""salt"":1,""mayong~s"":1,""cornflakes"":1,""matcha"":1}",1
"Apr 6, 2021","{""mayong~s"":1,""mamaog"":1}",1
"Apr 6, 2021","{""bae"":6,""redbrownie"":6,""fudge"":6,""sexyback"":2,""babyog"":1,""triplec"":1,""mamaog"":1}",1
"Apr 6, 2021","{""mayong~s"":2}",1
"Apr 6, 2021","{""matcha"":1}",1
"Apr 6, 2021","{""mamaog"":2,""claus"":3,""babyog"":1,""sexyback"":1,""cornflakes"":2}",1
"Apr 6, 2021","{""cupc"":1,""doubletrouble"":1}",1
"Apr 6, 2021","{""cupc"":1,""pbj"":1}",1
"Apr 6, 2021","{""doubletrouble"":1,""pbj"":1,""deathchoc"":1,""hella"":1}",1
"Apr 6, 2021","{""doubletrouble"":2,""mamaog"":2}",1
"Apr 6, 2021","{""matcha"":1,""mamaog"":1}",1
"Apr 6, 2021","{""redvelvet"":1}",2
"Apr 6, 2021","{""matcha"":1,""sexyback"":1,""babyog"":1}",1
"Apr 6, 2021","{""pbj"":1,""deathchoc"":1}",1
"Apr 6, 2021","{""bae"":3,""fudge"":3,""redbrownie"":3}",1
"Apr 6, 2021","{""mamaog"":1}",3
"Apr 6, 2021","{""doubletrouble"":2,""sexyback"":1,""pistachio"":1,""babyog"":1,""hella"":2}",1
"Apr 6, 2021","{""mamaog"":1,""doubletrouble"":1,""sexyback"":1,""triplec"":1}",1
"Apr 6, 2021","{""mamaog"":1,""sexyback"":1}",1
"Apr 6, 2021","{""mamaog"":1,""triplec"":1,""hella"":1}",1
"Apr 6, 2021","{""banultimate~s"":1,""cupc"":1}",1
"Apr 6, 2021","{""doubletrouble"":2,""mamaog"":1,""sexyback"":1,""matcha"":1}",1
"Apr 6, 2021","{""hella"":1,""mamaog"":1,""babyog"":1}",1
"Apr 6, 2021","{""mamaog"":1,""doubletrouble"":1,""triplec"":1}",1
"Apr 6, 2021","{""pbj"":2}",1
"Apr 6, 2021","{""redvelvet"":1,""cornflakes"":1}",1
"Apr 6, 2021","{""bannuts~s"":1}",1
"Apr 6, 2021","{""bae"":3,""fudge"":3,""redbrownie"":3,""pbj"":1}",1
"Apr 6, 2021","{""banultimate~s"":1}",1
"Apr 6, 2021","{""babyog"":1}",1
"Apr 6, 2021","{""hella"":1}",4
"Apr 6, 2021","{""bannuts~s"":1,""claus"":1}",1
"Apr 6, 2021","{""hella"":1,""salt"":1,""redvelvet"":1}",1
"Apr 6, 2021","{""fudge"":3,""bae"":3,""redbrownie"":3,""hella"":1,""salt"":1}",1
"Apr 6, 2021","{""bae"":8,""fudge"":10}",1
"Apr 6, 2021","{""cupc"":1}",2
"Apr 6, 2021","{""cornflakes"":1}",1
"Apr 6, 2021","{""bae"":3,""fudge"":3,""redbrownie"":3,""redvelvet"":1}",1
"Apr 6, 2021","{""cornflakes"":4,""doubletrouble"":2,""pistachio"":2,""babyog"":2,""claus"":2}",1
"Apr 6, 2021","{""pbj"":1}",2
"Apr 6, 2021","{""babyog"":3,""sexyback"":4,""mamaog"":3,""doubletrouble"":2,""matcha"":5,""triplec"":2,""cornflakes"":2,""claus"":2,""pistachio"":1}",1
"Apr 6, 2021","{""redvelvet"":1,""salt"":1,""hella"":1,""pbj"":1}",1
"Apr 6, 2021","{""fudge"":6,""bae"":3,""deathchoc"":1}",1
"Apr 6, 2021","{""sexyback"":3,""matcha"":2}",1
"Apr 6, 2021","{""bancheese~s"":2,""redvelvet"":1,""sexyback"":2}",1
"Apr 6, 2021","{""mayong~s"":1,""matcha"":1,""cornflakes"":1}",1
"Apr 6, 2021","{""doubletrouble"":1}",5
"Apr 6, 2021","{""fudge"":1,""sexyback"":1,""pbj"":1}",1
"Apr 6, 2021","{""fudge"":1,""matcha"":1}",1
"Apr 6, 2021","{""sexyback"":1,""mamaog"":1}",2
"Apr 6, 2021","{""hella"":1,""doubletrouble"":1}",1
"Apr 6, 2021","{""sexyback"":1,""doubletrouble"":1}",1
"Apr 6, 2021","{""cornflakes"":2,""mayong~s"":1}",1
"Apr 6, 2021","{""salt"":1,""mamaog"":2,""matcha"":1,""doubletrouble"":1}",1
"Apr 6, 2021","{""banultimate~s"":1,""redvelvet"":2}",1
"Apr 6, 2021","{""pbj"":1,""matcha"":1}",1
"Apr 6, 2021","{""cupc"":1,""deathchoc"":1}",1
"Apr 6, 2021","{""sexyback"":1}",2
"Apr 6, 2021","{""mamaog"":1,""doubletrouble"":1}",2
"Apr 6, 2021","{""mamaog"":1,""sexyback"":1,""babyog"":1,""triplec"":1,""doubletrouble"":1}",1
"Apr 6, 2021","{""claus"":1}",1
"Apr 6, 2021","{""sexyback"":2}",1
"Apr 6, 2021","{""mamaog"":2,""sexyback"":2,""babyog"":1}",1
"Apr 6, 2021","{""sexyback"":1,""doubletrouble"":1,""mamaog"":1}",1
"Apr 6, 2021","{""pbj"":1,""mamaog"":1}",1
"Apr 6, 2021","{""triplec"":1,""babyog"":1}",1
"Apr 6, 2021","{""fudge"":1,""bae"":1}",1
"Apr 6, 2021","{""matcha"":1,""sexyback"":1}",1
"Apr 6, 2021","{""cupc"":1,""pbj"":1,""deathchoc"":1,""banog~s"":1}",1
"Apr 6, 2021","{""bancheese~s"":2,""deathchoc"":2}",1
"Apr 6, 2021","{""pbj"":1,""cupc"":1,""doubletrouble"":1}",1
"Apr 6, 2021","{""cupc"":1,""sexyback"":1}",1
"Apr 5, 2021","{""doubletrouble"":1,""mamaog"":1,""triplec"":1,""pistachio"":1}",1
"Apr 5, 2021","{""sexyback"":1,""mamaog"":1,""fudge"":1,""mayong~s"":1}",1
"Apr 5, 2021","{""matcha"":3,""sexyback"":1,""babyog"":1}",1
"Apr 5, 2021","{""bannutella~s"":1,""deathchoc"":1}",1
"Apr 5, 2021","{""pbj"":1,""deathchoc"":1}",1
"Apr 5, 2021","{""fudge"":1,""deathchoc"":1}",1
"Apr 5, 2021","{""mamaog"":1,""sexyback"":1,""babyog"":1,""bancheese~s"":1}",1
"Apr 5, 2021","{""deathchoc"":1,""cupc"":1,""fudge"":4,""bae"":4,""redbrownie"":1}",1
"Apr 5, 2021","{""redbrownie"":9,""mamaog"":1}",1
"Apr 5, 2021","{""hella"":1,""deathchoc"":1,""redvelvet"":1}",1
"Apr 5, 2021","{""banultimate~s"":1}",1
"Apr 5, 2021","{""bancheese~s"":1}",1
"Apr 5, 2021","{""matcha"":1,""mamaog"":1,""bancheese~s"":1}",1
"Apr 5, 2021","{""sexyback"":1}",2
"Apr 5, 2021","{""cupc"":1,""salt"":1,""matcha"":1,""cornflakes"":1,""sexyback"":1,""doubletrouble"":1}",1
"Apr 5, 2021","{""triplec"":1,""doubletrouble"":1,""babyog"":1,""cornflakes"":1,""matcha"":1,""pbj"":1}",1
"Apr 5, 2021","{""redvelvet"":1,""cupc"":1,""bannutella~s"":1,""banultimate~s"":1}",1
"Apr 5, 2021","{""deathchoc"":1}",1
"Apr 5, 2021","{""doubletrouble"":1,""matcha"":1}",1
"Apr 5, 2021","{""pbj"":1,""redbrownie"":1}",1
"Apr 5, 2021","{""sexyback"":1,""doubletrouble"":1}",1
"Apr 5, 2021","{""triplec"":1}",1
"Apr 5, 2021","{""mamaog"":1,""deathchoc"":1}",1
"Apr 5, 2021","{""mamaog"":1}",1
"Apr 5, 2021","{""mamaog"":1,""doubletrouble"":1}",2
"Apr 5, 2021","{""pbj"":1}",2
"Apr 5, 2021","{""mayong~s"":2,""mamaog"":1}",1
"Apr 5, 2021","{""sexyback"":1,""banultimate~s"":1}",1
"Apr 5, 2021","{""redvelvet"":1}",4
"Apr 5, 2021","{""doubletrouble"":1}",1
"Apr 5, 2021","{""mayong~s"":1,""banultimate~s"":1,""claus"":1}",1
"Apr 5, 2021","{""fudge"":12,""bae"":3,""redbrownie"":3,""mamaog"":1}",1
"Apr 5, 2021","{""fudge"":1,""redbrownie"":1}",1
"Apr 5, 2021","{""sexyback"":1,""mamaog"":1,""doubletrouble"":1,""pbj"":1}",1
"Apr 5, 2021","{""cupc"":1,""hella"":1,""pbj"":1}",2
"Apr 5, 2021","{""hella"":1}",2
"Apr 5, 2021","{""sexyback"":3,""babyog"":3,""triplec"":3,""doubletrouble"":3,""hella"":1,""cupc"":1,""deathchoc"":1}",1
"Apr 5, 2021","{""cupc"":1,""sexyback"":2}",1
"Apr 5, 2021","{""hella"":1,""sexyback"":1}",1
"Apr 5, 2021","{""bae"":2,""fudge"":6,""redbrownie"":1,""matcha"":1,""doubletrouble"":3,""mamaog"":1}",1
"Apr 5, 2021","{""doubletrouble"":1,""claus"":1,""sexyback"":1}",1
"Apr 5, 2021","{""salt"":1,""redvelvet"":1}",1
"Apr 5, 2021","{""cornflakes"":1}",1
"Apr 5, 2021","{""cupc"":1}",2
"Apr 5, 2021","{""matcha"":1,""bae"":2,""fudge"":2}",1
"Apr 5, 2021","{""banultimate~s"":1,""fudge"":1}",1
"Apr 5, 2021","{""redbrownie"":9,""mamaog"":1,""doubletrouble"":1}",1
"Apr 5, 2021","{""matcha"":1,""babyog"":1,""sexyback"":1,""mamaog"":1,""doubletrouble"":1,""triplec"":1}",1
"Apr 5, 2021","{""bae"":3,""redbrownie"":3,""fudge"":3,""mamaog"":1}",1
"Apr 5, 2021","{""mayong~s"":1}",3
"Apr 5, 2021","{""mamaog"":2,""babyog"":2,""sexyback"":1}",1
"Apr 5, 2021","{""fudge"":2,""bae"":2,""redbrownie"":1}",1
"Apr 5, 2021","{""matcha"":1}",1
"Apr 5, 2021","{""mamaog"":1,""doubletrouble"":1,""babyog"":1,""sexyback"":1,""matcha"":1}",1
"Apr 5, 2021","{""pbj"":2,""sexyback"":3}",1
"Apr 5, 2021","{""pbj"":2,""pistachio"":4,""banultimate~s"":2}",1
"Apr 5, 2021","{""valrhona"":1,""giftbox"":1,""bae"":4,""fudge"":4}",1
"Apr 5, 2021","{""babyog"":1}",1
"Apr 5, 2021","{""bannutella~s"":1,""mayong~s"":1,""triplec"":1,""doubletrouble"":1,""fudge"":3,""bae"":9,""redbrownie"":6}",1
"Apr 4, 2021","{""deathchoc"":1,""sexyback"":1}",1
"Apr 4, 2021","{""redvelvet"":1,""sexyback"":1}",1
"Apr 4, 2021","{""doubletrouble"":1,""mayong~s"":1,""mamaog"":1,""sexyback"":1,""pistachio"":1,""claus"":1,""bae"":1}",1
"Apr 4, 2021","{""doubletrouble"":2,""triplec"":1}",1
"Apr 4, 2021","{""banultimate~s"":1,""cornflakes"":1}",1
"Apr 4, 2021","{""doubletrouble"":1,""sexyback"":1,""matcha"":1}",1
"Apr 4, 2021","{""redvelvet"":1}",4
"Apr 4, 2021","{""cupc"":1,""hella"":1,""fudge"":9,""pbj"":1}",1
"Apr 4, 2021","{""mamaog"":2,""doubletrouble"":1,""triplec"":1,""sexyback"":1,""hella"":1}",1
"Apr 4, 2021","{""cupc"":1,""hella"":1,""pbj"":1}",1
"Apr 4, 2021","{""salt"":1,""pistachio"":1}",1
"Apr 4, 2021","{""hella"":1,""deathchoc"":1,""mayong~s"":1}",1
"Apr 4, 2021","{""doubletrouble"":1}",3
"Apr 4, 2021","{""deathchoc"":1,""cupc"":1,""mayong~s"":1}",1
"Apr 4, 2021","{""hella"":1,""pbj"":1}",1
"Apr 4, 2021","{""pbj"":1,""mamaog"":1,""babyog"":1}",1
"Apr 4, 2021","{""mayong~s"":1}",1
"Apr 4, 2021","{""pbj"":1,""doubletrouble"":1}",1
"Apr 4, 2021","{""cornflakes"":2,""babyog"":1}",1
"Apr 4, 2021","{""fudge"":9,""mayong~s"":1}",1
"Apr 4, 2021","{""sexyback"":2,""matcha"":1}",1
"Apr 4, 2021","{""sexyback"":1,""mayong~s"":1}",1
"Apr 4, 2021","{""cornflakes"":1,""sexyback"":1}",2
"Apr 4, 2021","{""bancheese~s"":1}",1
"Apr 4, 2021","{""babyog"":1}",2
"Apr 4, 2021","{""pbj"":1}",3
"Apr 4, 2021","{""bancheese~s"":1,""bannutella~s"":1,""sexyback"":2,""bae"":3,""fudge"":3,""redbrownie"":3,""banog~s"":1}",1
"Apr 4, 2021","{""sexyback"":2,""mamaog"":2,""doubletrouble"":2,""babyog"":1,""triplec"":1,""claus"":1,""cornflakes"":1,""matcha"":1,""pistachio"":1,""cupc"":1,""hella"":1}",1
"Apr 4, 2021","{""bae"":3,""redbrownie"":3,""fudge"":3}",2
"Apr 4, 2021","{""banultimate~s"":1,""cupc"":1}",1
"Apr 4, 2021","{""matcha"":2,""pbj"":1}",1
"Apr 4, 2021","{""deathchoc"":1}",3
"Apr 4, 2021","{""deathchoc"":1,""bannutella~s"":1}",1
"Apr 4, 2021","{""mamaog"":2,""cupc"":1}",1
"Apr 4, 2021","{""triplec"":1,""doubletrouble"":1,""mamaog"":1,""sexyback"":1,""babyog"":1}",1
"Apr 4, 2021","{""cupc"":1,""sexyback"":1}",1
"Apr 4, 2021","{""matcha"":1,""babyog"":1}",1
"Apr 4, 2021","{""mamaog"":1,""doubletrouble"":1,""cupc"":1}",1
"Apr 4, 2021","{""matcha"":1}",2
"Apr 4, 2021","{""mamaog"":1,""doubletrouble"":1,""sexyback"":1,""matcha"":1,""pistachio"":1}",1
"Apr 4, 2021","{""cupc"":1,""bae"":1,""fudge"":1,""redbrownie"":1}",1
"Apr 4, 2021","{""pistachio"":1}",1
"Apr 4, 2021","{""deathchoc"":1,""redvelvet"":1}",1
"Apr 4, 2021","{""sexyback"":1,""mamaog"":1,""pistachio"":1,""banultimate~s"":1,""mayong~s"":1}",1
"Apr 4, 2021","{""claus"":1}",2
"Apr 4, 2021","{""banultimate~s"":1,""mayong~s"":1}",1
"Apr 4, 2021","{""cupc"":1,""deathchoc"":1,""salt"":1}",1
"Apr 4, 2021","{""deathchoc"":1,""cupc"":1,""pistachio"":1}",1
"Apr 4, 2021","{""cupc"":1}",7
"Apr 4, 2021","{""doubletrouble"":1,""mamaog"":1}",1
"Apr 4, 2021","{""mamaog"":1,""triplec"":1,""pistachio"":1}",1
"Apr 4, 2021","{""bae"":9,""claus"":1,""deathchoc"":1}",1
"Apr 4, 2021","{""doubletrouble"":2,""sexyback"":1,""mamaog"":1,""claus"":1}",1
"Apr 4, 2021","{""pbj"":1,""redvelvet"":1}",1
"Apr 4, 2021","{""mamaog"":1,""sexyback"":1}",1
"Apr 4, 2021","{""mamaog"":1,""bannutella~s"":1}",1
"Apr 4, 2021","{""mamaog"":1,""doubletrouble"":1,""sexyback"":3}",1
"Apr 4, 2021","{""cupc"":1,""pbj"":1}",1
"Apr 4, 2021","{""hella"":1,""banultimate~s"":1,""bannuts~s"":1}",1
"Apr 4, 2021","{""hella"":1,""deathchoc"":1,""pbj"":2,""salt"":1,""redvelvet"":1}",1
"Apr 4, 2021","{""triplec"":1}",2
"Apr 4, 2021","{""fudge"":3,""redbrownie"":3,""bae"":3}",1
"Apr 4, 2021","{""bae"":3,""fudge"":3,""redbrownie"":3}",1
"Apr 4, 2021","{""mamaog"":1}",3
"Apr 4, 2021","{""hella"":1}",3
"Apr 4, 2021","{""cupc"":1,""bancheese~s"":1,""mayong~s"":1}",1
"Apr 4, 2021","{""matcha"":1,""bancheese~s"":1,""mayong~s"":1}",1
"Apr 4, 2021","{""fudge"":1,""redbrownie"":1}",1
"Apr 4, 2021","{""redvelvet"":1,""triplec"":1}",1
"Apr 4, 2021","{""sexyback"":1,""fudge"":1,""claus"":1}",1
"Apr 4, 2021","{""mamaog"":1,""doubletrouble"":1,""banultimate~s"":1}",1
"Apr 4, 2021","{""pbj"":1,""cupc"":1}",1
"Apr 4, 2021","{""cupc"":1,""triplec"":1}",1
"Apr 4, 2021","{""sexyback"":3,""mamaog"":2,""salt"":1}",1
"Apr 4, 2021","{""redvelvet"":1,""pbj"":1,""hella"":1,""bannutella~s"":1,""mayong~s"":1}",1
"Apr 4, 2021","{""cupc"":2}",2
"Apr 4, 2021","{""cornflakes"":1,""banog~s"":1,""mayong~s"":1,""babyog"":1}",1
"Apr 4, 2021","{""salt"":1}",3
"Apr 4, 2021","{""babyog"":1,""hella"":1,""cupc"":1}",1
"Apr 4, 2021","{""mamaog"":1,""matcha"":1,""cornflakes"":1,""triplec"":2,""babyog"":1}",1
"Apr 4, 2021","{""bae"":3,""fudge"":3,""redbrownie"":3,""sexyback"":2}",1
"Apr 4, 2021","{""cupc"":1,""salt"":1}",2
"Apr 4, 2021","{""cornflakes"":1,""banultimate~s"":1}",1
"Apr 4, 2021","{""pbj"":2}",1
"Apr 4, 2021","{""sexyback"":1}",3
"Apr 4, 2021","{""bancheese~s"":1,""banultimate~s"":1}",1
"Apr 4, 2021","{""mamaog"":1,""doubletrouble"":1}",1
"Apr 4, 2021","{""mamaog"":1,""doubletrouble"":1,""redvelvet"":1,""cornflakes"":1,""sexyback"":1}",1
"Apr 4, 2021","{""fudge"":1,""mamaog"":1}",1
"Apr 3, 2021","{""matcha"":1}",1
"Apr 3, 2021","{""cupc"":1,""banultimate~s"":1}",1
"Apr 3, 2021","{""deathchoc"":1}",5
"Apr 3, 2021","{""triplec"":2}",1
"Apr 3, 2021","{""hella"":1,""pbj"":1}",1
"Apr 3, 2021","{""fudge"":2,""bae"":4,""redbrownie"":3}",1
"Apr 3, 2021","{""matcha"":5,""pistachio"":3,""doubletrouble"":2,""sexyback"":2}",1
"Apr 3, 2021","{""pbj"":1,""banog~s"":1,""banultimate~s"":1}",1
"Apr 3, 2021","{""mamaog"":2,""doubletrouble"":2,""sexyback"":1}",1
"Apr 3, 2021","{""claus"":1}",1
"Apr 3, 2021","{""pbj"":1,""hella"":1}",1
"Apr 3, 2021","{""sexyback"":1}",4
"Apr 3, 2021","{""sexyback"":1,""claus"":1,""cornflakes"":1}",1
"Apr 3, 2021","{""pbj"":1}",6
"Apr 3, 2021","{""pistachio"":1,""mamaog"":1,""matcha"":1,""doubletrouble"":1,""sexyback"":1}",1
"Apr 3, 2021","{""salt"":1}",7
"Apr 3, 2021","{""bae"":6,""redbrownie"":6,""fudge"":6,""mayong~s"":1,""bancheese~s"":1,""banultimate~s"":1}",1
"Apr 3, 2021","{""hella"":1,""pbj"":1,""redvelvet"":1,""mamaog"":1}",1
"Apr 3, 2021","{""doubletrouble"":1,""pistachio"":1,""deathchoc"":1,""fudge"":2}",1
"Apr 3, 2021","{""salt"":1,""sexyback"":1}",1
"Apr 3, 2021","{""fudge"":8,""bae"":4,""redbrownie"":6,""bannuts~s"":1,""cornflakes"":2,""matcha"":1}",1
"Apr 3, 2021","{""claus"":1,""pistachio"":1,""matcha"":1,""babyog"":1,""doubletrouble"":1,""bae"":3,""fudge"":3,""redbrownie"":3}",1
"Apr 3, 2021","{""cornflakes"":1,""doubletrouble"":1}",1
"Apr 3, 2021","{""claus"":1,""mamaog"":1}",1
"Apr 3, 2021","{""salt"":1,""redvelvet"":1,""cupc"":1,""hella"":1,""deathchoc"":1,""giftbox"":0}",1
"Apr 3, 2021","{""hella"":1,""mamaog"":1,""doubletrouble"":1,""triplec"":1,""sexyback"":1,""matcha"":1}",1
"Apr 3, 2021","{""banultimate~s"":1,""cornflakes"":2,""doubletrouble"":2,""pistachio"":1}",1
"Apr 3, 2021","{""banultimate~s"":1}",2
"Apr 3, 2021","{""deathchoc"":1,""hella"":1,""matcha"":1,""sexyback"":1}",1
"Apr 3, 2021","{""banultimate~s"":2,""banog~s"":1,""bannutella~s"":1,""triplec"":1,""doubletrouble"":1}",1
"Apr 3, 2021","{""mamaog"":1,""doubletrouble"":1,""triplec"":1}",1
"Apr 3, 2021","{""salt"":1,""cupc"":1}",1
"Apr 3, 2021","{""triplec"":2,""cupc"":1,""bannuts~s"":1,""bannutella~s"":1}",1
"Apr 3, 2021","{""cupc"":1,""mamaog"":1}",1
"Apr 3, 2021","{""mamaog"":1,""babyog"":1,""doubletrouble"":1,""sexyback"":1}",1
"Apr 3, 2021","{""hella"":1,""cupc"":1}",1
"Apr 3, 2021","{""sexyback"":2,""claus"":1}",1
"Apr 3, 2021","{""doubletrouble"":1,""matcha"":2}",1
"Apr 3, 2021","{""mamaog"":1,""sexyback"":1}",1
"Apr 3, 2021","{""hella"":1,""redvelvet"":1,""mamaog"":1,""babyog"":1,""sexyback"":1,""triplec"":1}",1
"Apr 3, 2021","{""bancheese~s"":2,""bannutella~s"":2,""salt"":2}",1
"Apr 3, 2021","{""bae"":3,""fudge"":6}",1
"Apr 3, 2021","{""doubletrouble"":1,""sexyback"":1}",1
"Apr 3, 2021","{""hella"":1,""redvelvet"":1}",1
"Apr 3, 2021","{""salt"":1,""sexyback"":1,""doubletrouble"":1}",1
"Apr 3, 2021","{""matcha"":3}",1
"Apr 3, 2021","{""matcha"":4,""claus"":1,""doubletrouble"":1,""redvelvet"":1,""hella"":1}",1
"Apr 3, 2021","{""cornflakes"":1}",1
"Apr 3, 2021","{""mamaog"":1,""doubletrouble"":1}",1
"Apr 3, 2021","{""cupc"":1}",7
"Apr 3, 2021","{""bancheese~s"":1,""triplec"":1}",1
"Apr 3, 2021","{""doubletrouble"":2,""triplec"":1,""mamaog"":1,""claus"":1}",1
"Apr 3, 2021","{""fudge"":3,""bae"":13,""redbrownie"":2,""doubletrouble"":2,""triplec"":1,""sexyback"":1,""mamaog"":1}",1
"Apr 3, 2021","{""hella"":1,""pbj"":1,""claus"":1}",1
"Apr 3, 2021","{""sexyback"":2,""babyog"":1}",1
"Apr 3, 2021","{""mamaog"":1}",1
"Apr 3, 2021","{""fudge"":4,""redbrownie"":5,""banultimate~s"":1}",1
"Apr 3, 2021","{""deathchoc"":1,""fudge"":1}",1
"Apr 3, 2021","{""mamaog"":1,""doubletrouble"":1,""bannuts~s"":1}",1
"Apr 3, 2021","{""mamaog"":1,""babyog"":1}",1
"Apr 3, 2021","{""matcha"":1,""cornflakes"":1,""doubletrouble"":1}",1
"Apr 3, 2021","{""bannutella~s"":1}",2
"Apr 3, 2021","{""babyog"":1,""sexyback"":1}",1
"Apr 3, 2021","{""pbj"":1,""cupc"":1}",1
"Apr 3, 2021","{""mayong~s"":1,""bancheese~s"":1}",1
"Apr 3, 2021","{""doubletrouble"":1,""babyog"":1,""sexyback"":1,""mamaog"":1}",1
"Apr 3, 2021","{""matcha"":1,""cornflakes"":1}",1
"Apr 3, 2021","{""redvelvet"":1}",2
"Apr 3, 2021","{""cornflakes"":2,""babyog"":2}",1
"Apr 3, 2021","{""salt"":1,""sexyback"":3,""mamaog"":2,""babyog"":2,""matcha"":2,""doubletrouble"":1,""triplec"":1,""cornflakes"":1}",1
"Apr 3, 2021","{""mamaog"":1,""sexyback"":1,""babyog"":1,""triplec"":1,""matcha"":1}",1
"Apr 3, 2021","{""matcha"":1,""babyog"":1,""triplec"":1,""claus"":1,""cornflakes"":1}",1
"Apr 3, 2021","{""fudge"":9}",1
"Apr 3, 2021","{""pistachio"":2,""mamaog"":1,""doubletrouble"":1}",1
"Apr 3, 2021","{""mayong~s"":2,""banultimate~s"":1,""cupc"":1}",1
"Apr 3, 2021","{""redvelvet"":2,""hella"":2,""deathchoc"":1}",1
"Apr 3, 2021","{""sexyback"":1,""triplec"":1}",1
"Apr 3, 2021","{""salt"":1,""hella"":1}",1
"Apr 3, 2021","{""sexyback"":1,""claus"":1,""banultimate~s"":1,""cupc"":1}",1
"Apr 3, 2021","{""redvelvet"":1,""cornflakes"":1}",1
"Apr 3, 2021","{""redbrownie"":1,""bae"":1,""sexyback"":1}",1
"Apr 3, 2021","{""matcha"":1,""doubletrouble"":2,""mamaog"":2,""sexyback"":1,""cornflakes"":1,""hella"":1,""redvelvet"":1}",1
"Apr 3, 2021","{""cupc"":1,""doubletrouble"":1}",1
"Apr 3, 2021","{""mamaog"":1,""triplec"":1,""sexyback"":1}",1
"Apr 3, 2021","{""mamaog"":1,""doubletrouble"":2,""sexyback"":2}",1
"Apr 3, 2021","{""hella"":2,""redvelvet"":1}",1
"Apr 3, 2021","{""redvelvet"":1,""hella"":1}",1
"Apr 3, 2021","{""hella"":1}",2
"Apr 3, 2021","{""hella"":1,""redvelvet"":1,""doubletrouble"":1}",1
"Apr 3, 2021","{""pbj"":1,""deathchoc"":1}",1
"Apr 3, 2021","{""cupc"":1,""doubletrouble"":2,""mamaog"":1}",1
"Apr 3, 2021","{""fudge"":5,""bae"":4,""babyog"":1}",1
"Apr 3, 2021","{""cupc"":1,""pbj"":1}",1
"Apr 3, 2021","{""matcha"":1,""babyog"":1}",1
"Apr 3, 2021","{""mamaog"":1,""pistachio"":1}",1
"Apr 3, 2021","{""mayong~s"":1,""sexyback"":1}",1
"Apr 2, 2021","{""sexyback"":5,""mamaog"":3,""babyog"":4}",1
"Apr 2, 2021","{""redvelvet"":1}",6
"Apr 2, 2021","{""mamaog"":1,""redbrownie"":5,""fudge"":2,""bae"":2,""pbj"":1}",1
"Apr 2, 2021","{""fudge"":5,""bae"":4,""cupc"":1}",1
"Apr 2, 2021","{""sexyback"":1}",1
"Apr 2, 2021","{""salt"":1}",3
"Apr 2, 2021","{""pistachio"":2,""claus"":1}",1
"Apr 2, 2021","{""doubletrouble"":1,""matcha"":1}",1
"Apr 2, 2021","{""bancheese~s"":1,""banog~s"":1}",1
"Apr 2, 2021","{""matcha"":1}",2
"Apr 2, 2021","{""pbj"":1,""mayong~s"":1,""salt"":1}",1
"Apr 2, 2021","{""banog~s"":1,""banultimate~s"":1}",1
"Apr 2, 2021","{""doubletrouble"":2,""triplec"":2,""mayong~s"":1}",1
"Apr 2, 2021","{""mamaog"":1,""sexyback"":1}",2
"Apr 2, 2021","{""claus"":1,""cornflakes"":1}",1
"Apr 2, 2021","{""pbj"":1,""hella"":1}",1
"Apr 2, 2021","{""hella"":1,""cupc"":1,""salt"":1}",1
"Apr 2, 2021","{""claus"":1,""matcha"":1,""babyog"":1}",1
"Apr 2, 2021","{""pbj"":1,""salt"":1}",1
"Apr 2, 2021","{""mayong~s"":1,""banultimate~s"":1,""sexyback"":1}",1
"Apr 2, 2021","{""matcha"":1,""mamaog"":1}",1
"Apr 2, 2021","{""sexyback"":2,""mamaog"":2,""doubletrouble"":2,""babyog"":1,""matcha"":1,""cornflakes"":1,""pistachio"":1,""claus"":1,""triplec"":1}",1
"Apr 2, 2021","{""sexyback"":2,""triplec"":1,""doubletrouble"":1,""pistachio"":1}",1
"Apr 2, 2021","{""fudge"":6,""redbrownie"":3,""bancheese~s"":1,""bannutella~s"":1,""banog~s"":1}",1
"Apr 2, 2021","{""pbj"":1}",4
"Apr 2, 2021","{""redvelvet"":1,""cupc"":1}",1
"Apr 2, 2021","{""doubletrouble"":1}",2
"Apr 2, 2021","{""cupc"":1,""hella"":1}",1
"Apr 2, 2021","{""cupc"":1,""sexyback"":1}",1
"Apr 2, 2021","{""fudge"":1,""redbrownie"":1,""babyog"":1,""sexyback"":1,""cornflakes"":1,""mayong~s"":2}",1
"Apr 2, 2021","{""bancheese~s"":1,""banog~s"":1,""triplec"":3}",1
"Apr 2, 2021","{""bae"":6,""fudge"":6,""redbrownie"":6}",1
"Apr 2, 2021","{""salt"":1,""pbj"":1}",1
"Apr 2, 2021","{""cupc"":1,""deathchoc"":1}",1
"Apr 2, 2021","{""cornflakes"":3,""hella"":1,""bannutella~s"":1}",1
"Apr 2, 2021","{""salt"":2}",1
"Apr 2, 2021","{""doubletrouble"":1,""mamaog"":1,""mayong~s"":1}",1
"Apr 2, 2021","{""cupc"":1,""hella"":1,""pbj"":1,""mayong~s"":1}",1
"Apr 2, 2021","{""deathchoc"":1,""cupc"":1}",1
"Apr 2, 2021","{""mayong~s"":2}",1
"Apr 2, 2021","{""babyog"":1,""triplec"":1,""sexyback"":1,""mamaog"":1,""doubletrouble"":1,""cupc"":1}",1
"Apr 2, 2021","{""cornflakes"":1,""bae"":3,""fudge"":3,""redbrownie"":3}",1
"Apr 2, 2021","{""doubletrouble"":2}",1
"Apr 2, 2021","{""sexyback"":5,""mamaog"":2,""matcha"":5}",1
"Apr 2, 2021","{""hella"":1}",4
"Apr 2, 2021","{""babyog"":1}",1
"Apr 2, 2021","{""claus"":2,""matcha"":1}",1
"Apr 2, 2021","{""bannuts~s"":1,""banog~s"":1,""bancheese~s"":1}",1
"Apr 2, 2021","{""deathchoc"":1}",2
"Apr 2, 2021","{""pbj"":1,""salt"":1,""matcha"":1,""pistachio"":1,""claus"":1,""bannutella~s"":1}",1
"Apr 2, 2021","{""hella"":1,""cupc"":1,""doubletrouble"":1}",1
"Apr 2, 2021","{""deathchoc"":1,""salt"":1,""redbrownie"":1}",1
"Apr 2, 2021","{""hella"":1,""mamaog"":1,""sexyback"":1}",1
"Apr 2, 2021","{""mayong~l"":1,""mayong~s"":1}",1
"Apr 2, 2021","{""hella"":1,""cupc"":1,""pbj"":1}",1
"Apr 2, 2021","{""mamaog"":1,""babyog"":1}",1
"Apr 2, 2021","{""babyog"":1,""doubletrouble"":1,""banultimate~s"":1}",1
"Apr 2, 2021","{""doubletrouble"":1,""cornflakes"":2,""sexyback"":2}",1
"Apr 2, 2021","{""cupc"":1,""salt"":1}",1
"Apr 2, 2021","{""cupc"":1}",8
"Apr 2, 2021","{""hella"":1,""deathchoc"":1}",1
"Apr 2, 2021","{""mamaog"":2,""babyog"":1,""pistachio"":1}",1
"Apr 2, 2021","{""mamaog"":2,""doubletrouble"":2,""pistachio"":1,""triplec"":1,""bae"":3,""fudge"":3}",1
"Apr 2, 2021","{""bae"":3,""fudge"":3,""redbrownie"":3}",2
"Apr 2, 2021","{""mamaog"":1}",4
"Apr 2, 2021","{""redvelvet"":1,""cornflakes"":1,""hella"":1}",1
"Apr 2, 2021","{""deathchoc"":2,""redvelvet"":1}",1
"Apr 2, 2021","{""deathchoc"":1,""hella"":1}",1
"Apr 2, 2021","{""cupc"":1,""claus"":1}",1
"Apr 2, 2021","{""redvelvet"":1,""doubletrouble"":2,""pistachio"":1}",1
"Apr 1, 2021","{""pbj"":1}",7
"Apr 1, 2021","{""cupc"":1}",5
"Apr 1, 2021","{""mamaog"":1,""bannutella~s"":1}",1
"Apr 1, 2021","{""hella"":1}",1
"Apr 1, 2021","{""cornflakes"":1,""hella"":1}",1
"Apr 1, 2021","{""triplec"":1}",1
"Apr 1, 2021","{""bancheese~s"":1,""mayong~s"":1}",1
"Apr 1, 2021","{""redbrownie"":6,""fudge"":3}",1
"Apr 1, 2021","{""pbj"":1,""hella"":1}",1
"Apr 1, 2021","{""cornflakes"":3,""matcha"":1,""sexyback"":1}",1
"Apr 1, 2021","{""mamaog"":1,""doubletrouble"":1}",1
"Apr 1, 2021","{""mayong~s"":1,""cupc"":1,""hella"":1,""pbj"":1,""fudge"":1}",1
"Apr 1, 2021","{""cornflakes"":12,""triplec"":12}",1
"Apr 1, 2021","{""pbj"":1,""cupc"":1,""doubletrouble"":1}",1
"Apr 1, 2021","{""cupc"":1,""mamaog"":1,""sexyback"":1,""cornflakes"":1,""bae"":1}",1
"Apr 1, 2021","{""cornflakes"":2,""sexyback"":1,""babyog"":1,""mamaog"":1}",1
"Apr 1, 2021","{""pbj"":1,""cupc"":1}",1
"Apr 1, 2021","{""mamaog"":2,""sexyback"":2}",1
"Apr 1, 2021","{""mamaog"":1,""banog~s"":2}",1
"Apr 1, 2021","{""mamaog"":2,""sexyback"":1,""bannuts~s"":1}",1
"Apr 1, 2021","{""salt"":1,""hella"":1}",2
"Apr 1, 2021","{""deathchoc"":1,""mayong~s"":1,""redvelvet"":1}",1
"Apr 1, 2021","{""salt"":2}",2
"Apr 1, 2021","{""sexyback"":1,""mamaog"":1}",1
"Apr 1, 2021","{""claus"":1,""doubletrouble"":1}",1
"Apr 1, 2021","{""matcha"":1,""mamaog"":1}",1
"Apr 1, 2021","{""mamaog"":1,""sexyback"":2}",1
"Apr 1, 2021","{""sexyback"":1}",2
"Apr 1, 2021","{""salt"":1}",2
"Apr 1, 2021","{""matcha"":1}",1
"Apr 1, 2021","{""mamaog"":1,""doubletrouble"":1,""triplec"":1}",1
"Apr 1, 2021","{""bancheese~s"":1,""cornflakes"":2}",1
"Apr 1, 2021","{""mayong~s"":1,""bancheese~s"":1,""salt"":1,""redvelvet"":1}",1
"Apr 1, 2021","{""cupc"":2,""hella"":1}",1
"Apr 1, 2021","{""deathchoc"":1}",3
"Apr 1, 2021","{""mayong~s"":1,""mamaog"":1,""cornflakes"":1,""matcha"":2,""triplec"":1}",1
"Apr 1, 2021","{""mamaog"":1,""babyog"":1,""sexyback"":1}",1
"Apr 1, 2021","{""matcha"":1,""mamaog"":1,""bae"":3,""redbrownie"":3,""fudge"":3}",1
"Apr 1, 2021","{""claus"":1,""sexyback"":1}",1
"Apr 1, 2021","{""mamaog"":1,""matcha"":1}",1
"Apr 1, 2021","{""bae"":3,""redbrownie"":3,""fudge"":3}",1
"Apr 1, 2021","{""mamaog"":1,""sexyback"":1}",2
"Apr 1, 2021","{""sexyback"":1,""cupc"":1,""bancheese~s"":1}",1
"Apr 1, 2021","{""babyog"":1}",1
"Apr 1, 2021","{""mamaog"":1,""babyog"":1,""sexyback"":1,""matcha"":1}",1
"Apr 1, 2021","{""mayong~s"":1}",2
"Apr 1, 2021","{""hella"":1,""mamaog"":1,""pistachio"":1}",1
"Apr 1, 2021","{""cornflakes"":1,""triplec"":1,""mamaog"":1,""sexyback"":1,""matcha"":1}",1
"Apr 1, 2021","{""mamaog"":1}",2
"Apr 1, 2021","{""hella"":1,""bancheese~s"":1,""banultimate~s"":1}",1
"Apr 1, 2021","{""pistachio"":1,""doubletrouble"":1}",1
"Apr 1, 2021","{""deathchoc"":1,""salt"":1}",1
"Apr 1, 2021","{""doubletrouble"":1}",1
"Apr 1, 2021","{""cornflakes"":1}",1
"Apr 1, 2021","{""cupc"":1,""hella"":1}",1
"Apr 1, 2021","{""redvelvet"":1,""cupc"":1,""cornflakes"":1}",1
"Apr 1, 2021","{""bae"":3,""fudge"":3,""redbrownie"":3,""bancheese~s"":1}",1
"Apr 1, 2021","{""mamaog"":1,""sexyback"":1,""babyog"":1}",1
"Apr 1, 2021","{""cornflakes"":1,""matcha"":1}",1
"Apr 1, 2021","{""banultimate~s"":1}",3
"Apr 1, 2021","{""babyog"":1,""triplec"":1}",1
"Apr 1, 2021","{""redvelvet"":1,""salt"":1,""doubletrouble"":1}",1